sample_id,tier,source,approach,arm,pose,utensil,ok,pred_mass_g,pred_volume_cm3,gt_mass_g,gt_volume_cm3,density_used,density_assumed,ref_tilt_deg,confidence,scale_source,scale_factor,n_items,latency_s,error
Food_01_overhead_fork,custom,custom,monocular-geometric,utensil_nlp,overhead,fork,True,255.4,323.31,181.0,179.0,1.01,False,,high,utensil,0.7293,1,4.2,
Food_01_overhead_fork,custom,custom,monocular-geometric,utensil_notext,overhead,fork,True,329.48,326.22,181.0,179.0,1.01,False,,high,utensil,0.7293,1,1.8,
Food_01_overhead_fork,custom,custom,monocular-geometric,sizeprior_nlp,overhead,fork,True,307.8,389.61,181.0,179.0,1.01,False,,high,size_prior,0.7762,1,2.1,
Food_01_overhead_fork,custom,custom,monocular-geometric,sizeprior_notext,overhead,fork,True,395.45,391.53,181.0,179.0,1.01,False,,high,size_prior,0.7762,1,2.3,
Food_01_overhead_fork,custom,custom,deep-learning,none,overhead,fork,True,135.83,134.49,181.0,179.0,1.01,False,,,,,0,2.1,
Food_01_overhead_knife,custom,custom,monocular-geometric,utensil_nlp,overhead,knife,True,247.0,312.66,181.0,179.0,1.01,False,,high,utensil,0.6768,1,2.3,
Food_01_overhead_knife,custom,custom,monocular-geometric,utensil_notext,overhead,knife,True,313.63,310.52,181.0,179.0,1.01,False,,high,utensil,0.6768,1,1.7,
Food_01_overhead_knife,custom,custom,monocular-geometric,sizeprior_nlp,overhead,knife,True,413.5,523.4,181.0,179.0,1.01,False,,high,size_prior,0.804,1,2.0,
Food_01_overhead_knife,custom,custom,monocular-geometric,sizeprior_notext,overhead,knife,True,525.4,520.2,181.0,179.0,1.01,False,,high,size_prior,0.8042,1,2.1,
Food_01_overhead_knife,custom,custom,deep-learning,none,overhead,knife,True,118.26,117.09,181.0,179.0,1.01,False,,,,,0,2.1,
Food_01_overhead_spoon,custom,custom,monocular-geometric,utensil_nlp,overhead,spoon,True,305.0,386.09,181.0,179.0,1.01,False,,high,utensil,0.8128,1,2.3,
Food_01_overhead_spoon,custom,custom,monocular-geometric,utensil_notext,overhead,spoon,True,388.4,384.55,181.0,179.0,1.01,False,,high,utensil,0.8128,1,1.6,
Food_01_overhead_spoon,custom,custom,monocular-geometric,sizeprior_nlp,overhead,spoon,True,268.9,340.43,181.0,179.0,1.01,False,,high,size_prior,0.7793,1,2.1,
Food_01_overhead_spoon,custom,custom,monocular-geometric,sizeprior_notext,overhead,spoon,True,342.56,339.17,181.0,179.0,1.01,False,,high,size_prior,0.7793,1,2.2,
Food_01_overhead_spoon,custom,custom,deep-learning,none,overhead,spoon,True,143.2,141.78,181.0,179.0,1.01,False,,,,,0,2.1,
Food_01_side_left_fork,custom,custom,monocular-geometric,utensil_nlp,side_left,fork,True,163.6,207.12,181.0,179.0,1.01,False,,medium,utensil,0.8488,1,2.3,
Food_01_side_left_fork,custom,custom,monocular-geometric,utensil_notext,side_left,fork,True,211.2,209.11,181.0,179.0,1.01,False,,medium,utensil,0.8488,1,1.7,
Food_01_side_left_fork,custom,custom,monocular-geometric,sizeprior_nlp,side_left,fork,True,217.2,274.94,181.0,179.0,1.01,False,,medium,size_prior,0.9347,1,2.0,
Food_01_side_left_fork,custom,custom,monocular-geometric,sizeprior_notext,side_left,fork,True,281.4,278.61,181.0,179.0,1.01,False,,medium,size_prior,0.9345,1,2.1,
Food_01_side_left_fork,custom,custom,deep-learning,none,side_left,fork,True,105.4,104.36,181.0,179.0,1.01,False,,,,,0,2.0,
Food_01_side_left_knife,custom,custom,monocular-geometric,utensil_nlp,side_left,knife,True,195.8,247.8,181.0,179.0,1.01,False,,medium,utensil,0.9097,1,2.3,
Food_01_side_left_knife,custom,custom,monocular-geometric,utensil_notext,side_left,knife,True,251.8,249.31,181.0,179.0,1.01,False,,medium,utensil,0.9097,1,1.6,
Food_01_side_left_knife,custom,custom,monocular-geometric,sizeprior_nlp,side_left,knife,True,125.7,159.14,181.0,179.0,1.01,False,,medium,size_prior,0.7833,1,2.0,
Food_01_side_left_knife,custom,custom,monocular-geometric,sizeprior_notext,side_left,knife,True,161.47,159.87,181.0,179.0,1.01,False,,medium,size_prior,0.7831,1,2.2,
Food_01_side_left_knife,custom,custom,deep-learning,none,side_left,knife,True,119.55,118.37,181.0,179.0,1.01,False,,,,,0,2.1,
Food_01_side_left_spoon,custom,custom,monocular-geometric,utensil_nlp,side_left,spoon,True,261.5,331.01,181.0,179.0,1.01,False,,medium,utensil,1.0348,1,2.4,
Food_01_side_left_spoon,custom,custom,monocular-geometric,utensil_notext,side_left,spoon,True,345.77,342.35,181.0,179.0,1.01,False,,medium,utensil,1.0348,1,1.7,
Food_01_side_left_spoon,custom,custom,monocular-geometric,sizeprior_nlp,side_left,spoon,True,147.3,186.44,181.0,179.0,1.01,False,,medium,size_prior,0.8526,1,2.0,
Food_01_side_left_spoon,custom,custom,monocular-geometric,sizeprior_notext,side_left,spoon,True,195.24,193.31,181.0,179.0,1.01,False,,medium,size_prior,0.8526,1,2.1,
Food_01_side_left_spoon,custom,custom,deep-learning,none,side_left,spoon,True,113.74,112.61,181.0,179.0,1.01,False,,,,,0,2.0,
Food_01_side_right_fork,custom,custom,monocular-geometric,utensil_nlp,side_right,fork,True,192.5,243.7,181.0,179.0,1.01,False,,high,utensil,0.7799,1,2.3,
Food_01_side_right_fork,custom,custom,monocular-geometric,utensil_notext,side_right,fork,True,251.54,249.05,181.0,179.0,1.01,False,,high,utensil,0.7799,1,1.7,
Food_01_side_right_fork,custom,custom,monocular-geometric,sizeprior_nlp,side_right,fork,True,121.7,154.03,181.0,179.0,1.01,False,,high,size_prior,0.671,1,2.1,
Food_01_side_right_fork,custom,custom,monocular-geometric,sizeprior_notext,side_right,fork,True,149.19,147.71,181.0,179.0,1.01,False,,high,size_prior,0.671,1,2.2,
Food_01_side_right_fork,custom,custom,deep-learning,none,side_right,fork,True,107.77,106.7,181.0,179.0,1.01,False,,,,,0,2.0,
Food_01_side_right_knife,custom,custom,monocular-geometric,utensil_nlp,side_right,knife,True,256.9,325.18,181.0,179.0,1.01,False,,high,utensil,0.8297,1,2.4,
Food_01_side_right_knife,custom,custom,monocular-geometric,utensil_notext,side_right,knife,True,325.11,321.89,181.0,179.0,1.01,False,,high,utensil,0.8297,1,1.8,
Food_01_side_right_knife,custom,custom,monocular-geometric,sizeprior_nlp,side_right,knife,True,104.9,132.74,181.0,179.0,1.01,False,,high,size_prior,0.6259,1,2.1,
Food_01_side_right_knife,custom,custom,monocular-geometric,sizeprior_notext,side_right,knife,True,135.97,134.62,181.0,179.0,1.01,False,,high,size_prior,0.6254,1,2.2,
Food_01_side_right_knife,custom,custom,deep-learning,none,side_right,knife,True,85.81,84.96,181.0,179.0,1.01,False,,,,,0,2.1,
Food_01_side_right_spoon,custom,custom,monocular-geometric,utensil_nlp,side_right,spoon,True,315.9,399.84,181.0,179.0,1.01,False,,high,utensil,0.9924,1,2.3,
Food_01_side_right_spoon,custom,custom,monocular-geometric,utensil_notext,side_right,spoon,True,410.0,405.94,181.0,179.0,1.01,False,,high,utensil,0.9924,1,1.7,
Food_01_side_right_spoon,custom,custom,monocular-geometric,sizeprior_nlp,side_right,spoon,True,79.2,100.3,181.0,179.0,1.01,False,,high,size_prior,0.6277,1,2.1,
Food_01_side_right_spoon,custom,custom,monocular-geometric,sizeprior_notext,side_right,spoon,True,100.71,99.71,181.0,179.0,1.01,False,,high,size_prior,0.6271,1,2.2,
Food_01_side_right_spoon,custom,custom,deep-learning,none,side_right,spoon,True,68.05,67.38,181.0,179.0,1.01,False,,,,,0,2.0,
Food_01_tilt_fork,custom,custom,monocular-geometric,utensil_nlp,tilt,fork,True,191.5,242.44,181.0,179.0,1.01,False,,medium,utensil,0.7642,1,2.3,
Food_01_tilt_fork,custom,custom,monocular-geometric,utensil_notext,tilt,fork,True,243.33,240.92,181.0,179.0,1.01,False,,medium,utensil,0.7642,1,1.7,
Food_01_tilt_fork,custom,custom,monocular-geometric,sizeprior_nlp,tilt,fork,True,270.6,342.56,181.0,179.0,1.01,False,,medium,size_prior,0.8599,1,2.0,
Food_01_tilt_fork,custom,custom,monocular-geometric,sizeprior_notext,tilt,fork,True,347.0,343.56,181.0,179.0,1.01,False,,medium,size_prior,0.8599,1,2.2,
Food_01_tilt_fork,custom,custom,deep-learning,none,tilt,fork,True,122.06,120.85,181.0,179.0,1.01,False,,,,,0,2.0,
Food_01_tilt_knife,custom,custom,monocular-geometric,utensil_nlp,tilt,knife,True,277.3,350.98,181.0,179.0,1.01,False,,medium,utensil,0.878,1,2.2,
Food_01_tilt_knife,custom,custom,monocular-geometric,utensil_notext,tilt,knife,True,362.77,359.18,181.0,179.0,1.01,False,,medium,utensil,0.878,1,1.7,
Food_01_tilt_knife,custom,custom,monocular-geometric,sizeprior_nlp,tilt,knife,True,186.1,235.53,181.0,179.0,1.01,False,,medium,size_prior,0.7675,1,2.1,
Food_01_tilt_knife,custom,custom,monocular-geometric,sizeprior_notext,tilt,knife,True,243.49,241.08,181.0,179.0,1.01,False,,medium,size_prior,0.7681,1,2.3,
Food_01_tilt_knife,custom,custom,deep-learning,none,tilt,knife,True,120.12,118.93,181.0,179.0,1.01,False,,,,,0,2.1,
Food_01_tilt_spoon,custom,custom,monocular-geometric,utensil_nlp,tilt,spoon,True,245.0,310.07,181.0,179.0,1.01,False,,medium,utensil,0.8028,1,2.3,
Food_01_tilt_spoon,custom,custom,monocular-geometric,utensil_notext,tilt,spoon,True,303.5,300.5,181.0,179.0,1.01,False,,medium,utensil,0.8028,1,1.6,
Food_01_tilt_spoon,custom,custom,monocular-geometric,sizeprior_nlp,tilt,spoon,True,204.5,258.86,181.0,179.0,1.01,False,,medium,size_prior,0.7562,1,2.0,
Food_01_tilt_spoon,custom,custom,monocular-geometric,sizeprior_notext,tilt,spoon,True,253.93,251.42,181.0,179.0,1.01,False,,medium,size_prior,0.7556,1,2.2,
Food_01_tilt_spoon,custom,custom,deep-learning,none,tilt,spoon,True,117.06,115.9,181.0,179.0,1.01,False,,,,,0,2.0,
Food_01_mv_fork,custom,custom,multi-view,utensil_notext,multiview,fork,True,842.9,834.55,181.0,179.0,1.01,False,,,utensil,,0,17.7,
Food_01_mv_fork,custom,custom,multi-view,sizeprior_notext,multiview,fork,True,609.99,603.95,181.0,179.0,1.01,False,,,size_prior,,0,18.6,
Food_01_mv_knife,custom,custom,multi-view,utensil_notext,multiview,knife,True,527.46,522.24,181.0,179.0,1.01,False,,,utensil,,0,15.8,
Food_01_mv_knife,custom,custom,multi-view,sizeprior_notext,multiview,knife,True,211.92,209.82,181.0,179.0,1.01,False,,,size_prior,,0,16.2,
Food_01_mv_spoon,custom,custom,multi-view,utensil_notext,multiview,spoon,True,631.19,624.94,181.0,179.0,1.01,False,,,utensil,,0,15.9,
Food_01_mv_spoon,custom,custom,multi-view,sizeprior_notext,multiview,spoon,True,245.44,243.01,181.0,179.0,1.01,False,,,size_prior,,0,16.4,
Food_02_overhead_fork,custom,custom,monocular-geometric,utensil_nlp,overhead,fork,True,407.2,395.36,276.0,276.0,1.0,False,,high,utensil,0.7322,1,2.5,
Food_02_overhead_fork,custom,custom,monocular-geometric,utensil_notext,overhead,fork,True,394.74,394.74,276.0,276.0,1.0,False,,high,utensil,0.7322,1,1.9,
Food_02_overhead_fork,custom,custom,monocular-geometric,sizeprior_nlp,overhead,fork,True,362.1,351.55,276.0,276.0,1.0,False,,high,size_prior,0.7042,1,2.2,
Food_02_overhead_fork,custom,custom,monocular-geometric,sizeprior_notext,overhead,fork,True,351.89,351.89,276.0,276.0,1.0,False,,high,size_prior,0.7047,1,2.2,
Food_02_overhead_fork,custom,custom,deep-learning,none,overhead,fork,True,201.64,201.64,276.0,276.0,1.0,False,,,,,0,2.2,
Food_02_overhead_knife,custom,custom,monocular-geometric,utensil_nlp,overhead,knife,True,497.3,482.8,276.0,276.0,1.0,False,,high,utensil,0.7214,1,2.5,
Food_02_overhead_knife,custom,custom,monocular-geometric,utensil_notext,overhead,knife,True,482.65,482.65,276.0,276.0,1.0,False,,high,utensil,0.7214,1,1.8,
Food_02_overhead_knife,custom,custom,monocular-geometric,sizeprior_nlp,overhead,knife,True,380.0,368.9,276.0,276.0,1.0,False,,high,size_prior,0.6596,1,2.1,
Food_02_overhead_knife,custom,custom,monocular-geometric,sizeprior_notext,overhead,knife,True,369.97,369.97,276.0,276.0,1.0,False,,high,size_prior,0.6603,1,2.2,
Food_02_overhead_knife,custom,custom,deep-learning,none,overhead,knife,True,191.09,191.09,276.0,276.0,1.0,False,,,,,0,2.2,
Food_02_overhead_spoon,custom,custom,monocular-geometric,utensil_nlp,overhead,spoon,True,592.6,575.35,276.0,276.0,1.0,False,,high,utensil,0.8462,1,2.4,
Food_02_overhead_spoon,custom,custom,monocular-geometric,utensil_notext,overhead,spoon,True,574.84,574.84,276.0,276.0,1.0,False,,high,utensil,0.8462,1,1.9,
Food_02_overhead_spoon,custom,custom,monocular-geometric,sizeprior_nlp,overhead,spoon,True,244.4,237.3,276.0,276.0,1.0,False,,high,size_prior,0.6301,1,2.2,
Food_02_overhead_spoon,custom,custom,monocular-geometric,sizeprior_notext,overhead,spoon,True,237.68,237.68,276.0,276.0,1.0,False,,high,size_prior,0.6305,1,2.2,
Food_02_overhead_spoon,custom,custom,deep-learning,none,overhead,spoon,True,191.84,191.84,276.0,276.0,1.0,False,,,,,0,2.2,
Food_02_side_left_fork,custom,custom,monocular-geometric,utensil_nlp,side_left,fork,True,360.9,350.42,276.0,276.0,1.0,False,,medium,utensil,0.887,1,2.4,
Food_02_side_left_fork,custom,custom,monocular-geometric,utensil_notext,side_left,fork,True,351.66,351.66,276.0,276.0,1.0,False,,medium,utensil,0.887,1,1.8,
Food_02_side_left_fork,custom,custom,monocular-geometric,sizeprior_nlp,side_left,fork,True,263.4,255.75,276.0,276.0,1.0,False,,medium,size_prior,0.7979,1,2.2,
Food_02_side_left_fork,custom,custom,monocular-geometric,sizeprior_notext,side_left,fork,True,257.01,257.01,276.0,276.0,1.0,False,,medium,size_prior,0.7987,1,2.2,
Food_02_side_left_fork,custom,custom,deep-learning,none,side_left,fork,True,171.94,171.94,276.0,276.0,1.0,False,,,,,0,2.2,
Food_02_side_left_knife,custom,custom,monocular-geometric,utensil_nlp,side_left,knife,True,443.3,430.41,276.0,276.0,1.0,False,,medium,utensil,0.9397,1,2.5,
Food_02_side_left_knife,custom,custom,monocular-geometric,utensil_notext,side_left,knife,True,429.94,429.94,276.0,276.0,1.0,False,,medium,utensil,0.9397,1,1.8,
Food_02_side_left_knife,custom,custom,monocular-geometric,sizeprior_nlp,side_left,knife,True,252.8,245.48,276.0,276.0,1.0,False,,medium,size_prior,0.7795,1,2.2,
Food_02_side_left_knife,custom,custom,monocular-geometric,sizeprior_notext,side_left,knife,True,246.11,246.11,276.0,276.0,1.0,False,,medium,size_prior,0.7806,1,2.3,
Food_02_side_left_knife,custom,custom,deep-learning,none,side_left,knife,True,170.5,170.5,276.0,276.0,1.0,False,,,,,0,2.2,
Food_02_side_left_spoon,custom,custom,monocular-geometric,utensil_nlp,side_left,spoon,True,577.8,560.94,276.0,276.0,1.0,False,,medium,utensil,1.0229,1,2.4,
Food_02_side_left_spoon,custom,custom,monocular-geometric,utensil_notext,side_left,spoon,True,560.93,560.93,276.0,276.0,1.0,False,,medium,utensil,1.0229,1,1.8,
Food_02_side_left_spoon,custom,custom,monocular-geometric,sizeprior_nlp,side_left,spoon,True,258.2,250.7,276.0,276.0,1.0,False,,medium,size_prior,0.7822,1,2.2,
Food_02_side_left_spoon,custom,custom,monocular-geometric,sizeprior_notext,side_left,spoon,True,251.1,251.1,276.0,276.0,1.0,False,,medium,size_prior,0.7829,1,2.3,
Food_02_side_left_spoon,custom,custom,deep-learning,none,side_left,spoon,True,172.94,172.94,276.0,276.0,1.0,False,,,,,0,2.2,
Food_02_side_right_fork,custom,custom,monocular-geometric,utensil_nlp,side_right,fork,True,390.4,379.06,276.0,276.0,1.0,False,,high,utensil,0.8385,1,2.4,
Food_02_side_right_fork,custom,custom,monocular-geometric,utensil_notext,side_right,fork,True,377.85,377.85,276.0,276.0,1.0,False,,high,utensil,0.8385,1,1.8,
Food_02_side_right_fork,custom,custom,monocular-geometric,sizeprior_nlp,side_right,fork,True,231.9,225.15,276.0,276.0,1.0,False,,high,size_prior,0.7049,1,2.1,
Food_02_side_right_fork,custom,custom,monocular-geometric,sizeprior_notext,side_right,fork,True,225.44,225.44,276.0,276.0,1.0,False,,high,size_prior,0.7056,1,2.2,
Food_02_side_right_fork,custom,custom,deep-learning,none,side_right,fork,True,163.98,163.98,276.0,276.0,1.0,False,,,,,0,2.1,
Food_02_side_right_knife,custom,custom,monocular-geometric,utensil_nlp,side_right,knife,True,480.2,466.19,276.0,276.0,1.0,False,,high,utensil,0.8772,1,2.4,
Food_02_side_right_knife,custom,custom,monocular-geometric,utensil_notext,side_right,knife,True,465.4,465.4,276.0,276.0,1.0,False,,high,utensil,0.8772,1,1.8,
Food_02_side_right_knife,custom,custom,monocular-geometric,sizeprior_nlp,side_right,knife,True,197.6,191.85,276.0,276.0,1.0,False,,high,size_prior,0.6513,1,2.1,
Food_02_side_right_knife,custom,custom,monocular-geometric,sizeprior_notext,side_right,knife,True,191.98,191.98,276.0,276.0,1.0,False,,high,size_prior,0.6517,1,2.2,
Food_02_side_right_knife,custom,custom,deep-learning,none,side_right,knife,True,156.98,156.98,276.0,276.0,1.0,False,,,,,0,2.2,
Food_02_side_right_spoon,custom,custom,monocular-geometric,utensil_nlp,side_right,spoon,True,538.9,523.24,276.0,276.0,1.0,False,,high,utensil,0.921,1,2.3,
Food_02_side_right_spoon,custom,custom,monocular-geometric,utensil_notext,side_right,spoon,True,526.04,526.04,276.0,276.0,1.0,False,,high,utensil,0.921,1,1.8,
Food_02_side_right_spoon,custom,custom,monocular-geometric,sizeprior_nlp,side_right,spoon,True,193.1,187.48,276.0,276.0,1.0,False,,high,size_prior,0.6534,1,2.2,
Food_02_side_right_spoon,custom,custom,monocular-geometric,sizeprior_notext,side_right,spoon,True,187.89,187.89,276.0,276.0,1.0,False,,high,size_prior,0.6539,1,2.2,
Food_02_side_right_spoon,custom,custom,deep-learning,none,side_right,spoon,True,153.3,153.3,276.0,276.0,1.0,False,,,,,0,2.1,
Food_02_tilt_fork,custom,custom,monocular-geometric,utensil_nlp,tilt,fork,True,357.9,347.52,276.0,276.0,1.0,False,,medium,utensil,0.863,1,2.5,
Food_02_tilt_fork,custom,custom,monocular-geometric,utensil_notext,tilt,fork,True,347.27,347.27,276.0,276.0,1.0,False,,medium,utensil,0.863,1,1.8,
Food_02_tilt_fork,custom,custom,monocular-geometric,sizeprior_nlp,tilt,fork,True,278.4,270.25,276.0,276.0,1.0,False,,medium,size_prior,0.7936,1,2.1,
Food_02_tilt_fork,custom,custom,monocular-geometric,sizeprior_notext,tilt,fork,True,270.57,270.57,276.0,276.0,1.0,False,,medium,size_prior,0.7941,1,2.3,
Food_02_tilt_fork,custom,custom,deep-learning,none,tilt,fork,True,169.97,169.97,276.0,276.0,1.0,False,,,,,0,2.2,
Food_02_tilt_knife,custom,custom,monocular-geometric,utensil_nlp,tilt,knife,True,546.2,530.31,276.0,276.0,1.0,False,,high,utensil,0.8472,1,2.4,
Food_02_tilt_knife,custom,custom,monocular-geometric,utensil_notext,tilt,knife,True,529.51,529.51,276.0,276.0,1.0,False,,high,utensil,0.8472,1,1.8,
Food_02_tilt_knife,custom,custom,monocular-geometric,sizeprior_nlp,tilt,knife,True,378.9,367.9,276.0,276.0,1.0,False,,high,size_prior,0.751,1,2.1,
Food_02_tilt_knife,custom,custom,monocular-geometric,sizeprior_notext,tilt,knife,True,369.72,369.72,276.0,276.0,1.0,False,,high,size_prior,0.7516,1,2.2,
Food_02_tilt_knife,custom,custom,deep-learning,none,tilt,knife,True,180.24,180.24,276.0,276.0,1.0,False,,,,,0,2.2,
Food_02_tilt_spoon,custom,custom,monocular-geometric,utensil_nlp,tilt,spoon,True,613.0,595.14,276.0,276.0,1.0,False,,high,utensil,0.9429,1,2.5,
Food_02_tilt_spoon,custom,custom,monocular-geometric,utensil_notext,tilt,spoon,True,594.68,594.68,276.0,276.0,1.0,False,,high,utensil,0.9429,1,1.8,
Food_02_tilt_spoon,custom,custom,monocular-geometric,sizeprior_nlp,tilt,spoon,True,283.5,275.29,276.0,276.0,1.0,False,,high,size_prior,0.7296,1,2.2,
Food_02_tilt_spoon,custom,custom,monocular-geometric,sizeprior_notext,tilt,spoon,True,275.84,275.84,276.0,276.0,1.0,False,,high,size_prior,0.7303,1,2.2,
Food_02_tilt_spoon,custom,custom,deep-learning,none,tilt,spoon,True,173.24,173.24,276.0,276.0,1.0,False,,,,,0,2.2,
Food_02_mv_fork,custom,custom,multi-view,utensil_notext,multiview,fork,True,499.65,499.65,276.0,276.0,1.0,False,,,utensil,,0,12.5,
Food_02_mv_fork,custom,custom,multi-view,sizeprior_notext,multiview,fork,True,220.12,220.12,276.0,276.0,1.0,False,,,size_prior,,0,12.9,
Food_02_mv_knife,custom,custom,multi-view,utensil_notext,multiview,knife,True,614.34,614.34,276.0,276.0,1.0,False,,,utensil,,0,12.6,
Food_02_mv_knife,custom,custom,multi-view,sizeprior_notext,multiview,knife,True,256.74,256.74,276.0,276.0,1.0,False,,,size_prior,,0,12.9,
Food_02_mv_spoon,custom,custom,multi-view,utensil_notext,multiview,spoon,True,547.97,547.97,276.0,276.0,1.0,False,,,utensil,,0,12.9,
Food_02_mv_spoon,custom,custom,multi-view,sizeprior_notext,multiview,spoon,True,174.69,174.69,276.0,276.0,1.0,False,,,size_prior,,0,13.2,
Food_03_overhead_fork,custom,custom,monocular-geometric,utensil_nlp,overhead,fork,True,298.4,408.8,276.0,378.0,0.73,False,,high,utensil,0.7288,1,2.6,
Food_03_overhead_fork,custom,custom,monocular-geometric,utensil_notext,overhead,fork,True,298.44,408.82,276.0,378.0,0.73,False,,high,utensil,0.7288,1,1.9,
Food_03_overhead_fork,custom,custom,monocular-geometric,sizeprior_nlp,overhead,fork,True,143.6,196.65,276.0,378.0,0.73,False,,high,size_prior,0.5714,1,2.3,
Food_03_overhead_fork,custom,custom,monocular-geometric,sizeprior_notext,overhead,fork,True,143.98,197.23,276.0,378.0,0.73,False,,high,size_prior,0.5718,1,2.3,
Food_03_overhead_fork,custom,custom,deep-learning,none,overhead,fork,True,166.34,227.86,276.0,378.0,0.73,False,,,,,0,2.2,
Food_03_overhead_knife,custom,custom,monocular-geometric,utensil_nlp,overhead,knife,True,336.3,460.73,276.0,378.0,0.73,False,,high,utensil,0.6778,1,2.6,
Food_03_overhead_knife,custom,custom,monocular-geometric,utensil_notext,overhead,knife,True,336.34,460.74,276.0,378.0,0.73,False,,high,utensil,0.6778,1,1.9,
Food_03_overhead_knife,custom,custom,monocular-geometric,sizeprior_nlp,overhead,knife,True,259.7,355.7,276.0,378.0,0.73,False,,high,size_prior,0.622,1,2.3,
Food_03_overhead_knife,custom,custom,monocular-geometric,sizeprior_notext,overhead,knife,True,260.43,356.76,276.0,378.0,0.73,False,,high,size_prior,0.6226,1,2.3,
Food_03_overhead_knife,custom,custom,deep-learning,none,overhead,knife,True,164.99,226.01,276.0,378.0,0.73,False,,,,,0,2.2,
Food_03_overhead_spoon,custom,custom,monocular-geometric,utensil_nlp,overhead,spoon,True,365.5,500.71,276.0,378.0,0.73,False,,high,utensil,0.7859,1,2.6,
Food_03_overhead_spoon,custom,custom,monocular-geometric,utensil_notext,overhead,spoon,True,365.24,500.33,276.0,378.0,0.73,False,,high,utensil,0.7859,1,2.0,
Food_03_overhead_spoon,custom,custom,monocular-geometric,sizeprior_nlp,overhead,spoon,True,177.3,242.9,276.0,378.0,0.73,False,,high,size_prior,0.6178,1,2.3,
Food_03_overhead_spoon,custom,custom,monocular-geometric,sizeprior_notext,overhead,spoon,True,177.53,243.19,276.0,378.0,0.73,False,,high,size_prior,0.6182,1,2.3,
Food_03_overhead_spoon,custom,custom,deep-learning,none,overhead,spoon,True,158.34,216.9,276.0,378.0,0.73,False,,,,,0,2.3,
Food_03_side_left_fork,custom,custom,monocular-geometric,utensil_nlp,side_left,fork,True,257.0,352.04,276.0,378.0,0.73,False,,medium,utensil,0.8247,1,2.5,
Food_03_side_left_fork,custom,custom,monocular-geometric,utensil_notext,side_left,fork,True,255.13,349.49,276.0,378.0,0.73,False,,medium,utensil,0.8247,1,1.9,
Food_03_side_left_fork,custom,custom,monocular-geometric,sizeprior_nlp,side_left,fork,True,101.5,139.03,276.0,378.0,0.73,False,,medium,size_prior,0.6054,1,2.3,
Food_03_side_left_fork,custom,custom,monocular-geometric,sizeprior_notext,side_left,fork,True,101.54,139.09,276.0,378.0,0.73,False,,medium,size_prior,0.606,1,2.3,
Food_03_side_left_fork,custom,custom,deep-learning,none,side_left,fork,True,142.97,195.85,276.0,378.0,0.73,False,,,,,0,2.2,
Food_03_side_left_knife,custom,custom,monocular-geometric,utensil_nlp,side_left,knife,True,292.2,400.22,276.0,378.0,0.73,False,,medium,utensil,0.8654,1,2.5,
Food_03_side_left_knife,custom,custom,monocular-geometric,utensil_notext,side_left,knife,True,292.15,400.21,276.0,378.0,0.73,False,,medium,utensil,0.8654,1,1.9,
Food_03_side_left_knife,custom,custom,monocular-geometric,sizeprior_nlp,side_left,knife,True,172.7,236.53,276.0,378.0,0.73,False,,medium,size_prior,0.7261,1,2.3,
Food_03_side_left_knife,custom,custom,monocular-geometric,sizeprior_notext,side_left,knife,True,172.89,236.84,276.0,378.0,0.73,False,,medium,size_prior,0.7266,1,2.3,
Food_03_side_left_knife,custom,custom,deep-learning,none,side_left,knife,True,140.14,191.97,276.0,378.0,0.73,False,,,,,0,2.3,
Food_03_side_left_spoon,custom,custom,monocular-geometric,utensil_nlp,side_left,spoon,True,330.3,452.43,276.0,378.0,0.73,False,,medium,utensil,0.9465,1,2.5,
Food_03_side_left_spoon,custom,custom,monocular-geometric,utensil_notext,side_left,spoon,True,328.13,449.49,276.0,378.0,0.73,False,,medium,utensil,0.9465,1,1.8,
Food_03_side_left_spoon,custom,custom,monocular-geometric,sizeprior_nlp,side_left,spoon,True,143.4,196.38,276.0,378.0,0.73,False,,medium,size_prior,0.7201,1,2.3,
Food_03_side_left_spoon,custom,custom,monocular-geometric,sizeprior_notext,side_left,spoon,True,143.5,196.58,276.0,378.0,0.73,False,,medium,size_prior,0.7201,1,2.3,
Food_03_side_left_spoon,custom,custom,deep-learning,none,side_left,spoon,True,146.07,200.1,276.0,378.0,0.73,False,,,,,0,2.2,
Food_03_side_right_fork,custom,custom,monocular-geometric,utensil_nlp,side_right,fork,True,244.4,334.75,276.0,378.0,0.73,False,,medium,utensil,0.7771,1,2.6,
Food_03_side_right_fork,custom,custom,monocular-geometric,utensil_notext,side_right,fork,True,245.0,335.62,276.0,378.0,0.73,False,,medium,utensil,0.7771,1,1.9,
Food_03_side_right_fork,custom,custom,monocular-geometric,sizeprior_nlp,side_right,fork,True,174.4,238.93,276.0,378.0,0.73,False,,medium,size_prior,0.6937,1,2.3,
Food_03_side_right_fork,custom,custom,monocular-geometric,sizeprior_notext,side_right,fork,True,174.09,238.48,276.0,378.0,0.73,False,,medium,size_prior,0.6938,1,2.3,
Food_03_side_right_fork,custom,custom,deep-learning,none,side_right,fork,True,145.15,198.84,276.0,378.0,0.73,False,,,,,0,2.2,
Food_03_side_right_knife,custom,custom,monocular-geometric,utensil_nlp,side_right,knife,True,288.1,394.66,276.0,378.0,0.73,False,,high,utensil,0.8132,1,2.5,
Food_03_side_right_knife,custom,custom,monocular-geometric,utensil_notext,side_right,knife,True,294.77,403.79,276.0,378.0,0.73,False,,high,utensil,0.8132,1,1.9,
Food_03_side_right_knife,custom,custom,monocular-geometric,sizeprior_nlp,side_right,knife,True,184.0,252.03,276.0,378.0,0.73,False,,high,size_prior,0.6991,1,2.2,
Food_03_side_right_knife,custom,custom,monocular-geometric,sizeprior_notext,side_right,knife,True,186.9,256.03,276.0,378.0,0.73,False,,high,size_prior,0.6995,1,2.4,
Food_03_side_right_knife,custom,custom,deep-learning,none,side_right,knife,True,132.48,181.48,276.0,378.0,0.73,False,,,,,0,2.2,
Food_03_side_right_spoon,custom,custom,monocular-geometric,utensil_nlp,side_right,spoon,True,427.5,585.57,276.0,378.0,0.73,False,,high,utensil,0.9255,1,2.5,
Food_03_side_right_spoon,custom,custom,monocular-geometric,utensil_notext,side_right,spoon,True,432.23,592.09,276.0,378.0,0.73,False,,high,utensil,0.9255,1,2.0,
Food_03_side_right_spoon,custom,custom,monocular-geometric,sizeprior_nlp,side_right,spoon,True,127.6,174.8,276.0,378.0,0.73,False,,high,size_prior,0.6182,1,2.3,
Food_03_side_right_spoon,custom,custom,monocular-geometric,sizeprior_notext,side_right,spoon,True,127.44,174.57,276.0,378.0,0.73,False,,high,size_prior,0.6166,1,2.4,
Food_03_side_right_spoon,custom,custom,deep-learning,none,side_right,spoon,True,123.66,169.4,276.0,378.0,0.73,False,,,,,0,2.3,
Food_03_tilt_fork,custom,custom,monocular-geometric,utensil_nlp,tilt,fork,True,246.6,337.82,276.0,378.0,0.73,False,,medium,utensil,0.787,1,2.6,
Food_03_tilt_fork,custom,custom,monocular-geometric,utensil_notext,tilt,fork,True,246.58,337.78,276.0,378.0,0.73,False,,medium,utensil,0.787,1,1.9,
Food_03_tilt_fork,custom,custom,monocular-geometric,sizeprior_nlp,tilt,fork,True,156.5,214.36,276.0,378.0,0.73,False,,medium,size_prior,0.6766,1,2.3,
Food_03_tilt_fork,custom,custom,monocular-geometric,sizeprior_notext,tilt,fork,True,156.91,214.95,276.0,378.0,0.73,False,,medium,size_prior,0.6773,1,2.3,
Food_03_tilt_fork,custom,custom,deep-learning,none,tilt,fork,True,159.9,219.04,276.0,378.0,0.73,False,,,,,0,2.2,
Food_03_tilt_knife,custom,custom,monocular-geometric,utensil_nlp,tilt,knife,True,310.4,425.14,276.0,378.0,0.73,False,,medium,utensil,0.7435,1,2.6,
Food_03_tilt_knife,custom,custom,monocular-geometric,utensil_notext,tilt,knife,True,310.45,425.27,276.0,378.0,0.73,False,,medium,utensil,0.7435,1,1.9,
Food_03_tilt_knife,custom,custom,monocular-geometric,sizeprior_nlp,tilt,knife,True,236.8,324.32,276.0,378.0,0.73,False,,medium,size_prior,0.6794,1,2.3,
Food_03_tilt_knife,custom,custom,monocular-geometric,sizeprior_notext,tilt,knife,True,237.11,324.81,276.0,378.0,0.73,False,,medium,size_prior,0.6798,1,2.3,
Food_03_tilt_knife,custom,custom,deep-learning,none,tilt,knife,True,149.65,205.0,276.0,378.0,0.73,False,,,,,0,2.3,
Food_03_tilt_spoon,custom,custom,monocular-geometric,utensil_nlp,tilt,spoon,True,278.9,382.06,276.0,378.0,0.73,False,,medium,utensil,0.7988,1,2.7,
Food_03_tilt_spoon,custom,custom,monocular-geometric,utensil_notext,tilt,spoon,True,278.8,381.92,276.0,378.0,0.73,False,,medium,utensil,0.7988,1,1.9,
Food_03_tilt_spoon,custom,custom,monocular-geometric,sizeprior_nlp,tilt,spoon,True,167.0,228.75,276.0,378.0,0.73,False,,medium,size_prior,0.6733,1,2.3,
Food_03_tilt_spoon,custom,custom,monocular-geometric,sizeprior_notext,tilt,spoon,True,167.03,228.81,276.0,378.0,0.73,False,,medium,size_prior,0.6737,1,2.4,
Food_03_tilt_spoon,custom,custom,deep-learning,none,tilt,spoon,True,157.99,216.42,276.0,378.0,0.73,False,,,,,0,2.3,
Food_03_mv_fork,custom,custom,multi-view,utensil_notext,multiview,fork,True,378.28,518.19,276.0,378.0,0.73,False,,,utensil,,0,12.7,
Food_03_mv_fork,custom,custom,multi-view,sizeprior_notext,multiview,fork,True,151.51,207.55,276.0,378.0,0.73,False,,,size_prior,,0,13.5,
Food_03_mv_knife,custom,custom,multi-view,utensil_notext,multiview,knife,True,427.12,585.1,276.0,378.0,0.73,False,,,utensil,,0,13.4,
Food_03_mv_knife,custom,custom,multi-view,sizeprior_notext,multiview,knife,True,199.2,272.87,276.0,378.0,0.73,False,,,size_prior,,0,13.4,
Food_03_mv_spoon,custom,custom,multi-view,utensil_notext,multiview,spoon,True,476.4,652.6,276.0,378.0,0.73,False,,,utensil,,0,13.2,
Food_03_mv_spoon,custom,custom,multi-view,sizeprior_notext,multiview,spoon,True,122.13,167.3,276.0,378.0,0.73,False,,,size_prior,,0,13.6,
Food_04_overhead_fork,custom,custom,monocular-geometric,utensil_nlp,overhead,fork,True,348.8,435.94,359.0,321.0,1.12,False,,high,utensil,0.7215,1,2.5,
Food_04_overhead_fork,custom,custom,monocular-geometric,utensil_notext,overhead,fork,True,487.38,435.16,359.0,321.0,1.12,False,,high,utensil,0.7215,1,1.9,
Food_04_overhead_fork,custom,custom,monocular-geometric,sizeprior_nlp,overhead,fork,True,209.9,262.32,359.0,321.0,1.12,False,,high,size_prior,0.6096,1,2.1,
Food_04_overhead_fork,custom,custom,monocular-geometric,sizeprior_notext,overhead,fork,True,293.42,261.98,359.0,321.0,1.12,False,,high,size_prior,0.6095,1,2.4,
Food_04_overhead_fork,custom,custom,deep-learning,none,overhead,fork,True,167.52,149.57,359.0,321.0,1.12,False,,,,,0,2.2,
Food_04_overhead_knife,custom,custom,monocular-geometric,utensil_nlp,overhead,knife,True,514.6,643.22,359.0,321.0,1.12,False,,high,utensil,0.737,1,2.4,
Food_04_overhead_knife,custom,custom,monocular-geometric,utensil_notext,overhead,knife,True,720.14,642.98,359.0,321.0,1.12,False,,high,utensil,0.737,1,1.9,
Food_04_overhead_knife,custom,custom,monocular-geometric,sizeprior_nlp,overhead,knife,True,282.2,352.7,359.0,321.0,1.12,False,,high,size_prior,0.6035,1,2.2,
Food_04_overhead_knife,custom,custom,monocular-geometric,sizeprior_notext,overhead,knife,True,394.9,352.59,359.0,321.0,1.12,False,,high,size_prior,0.6034,1,2.4,
Food_04_overhead_knife,custom,custom,deep-learning,none,overhead,knife,True,164.44,146.82,359.0,321.0,1.12,False,,,,,0,2.2,
Food_04_overhead_spoon,custom,custom,monocular-geometric,utensil_nlp,overhead,spoon,True,467.9,584.82,359.0,321.0,1.12,False,,high,utensil,0.8085,1,2.4,
Food_04_overhead_spoon,custom,custom,monocular-geometric,utensil_notext,overhead,spoon,True,654.85,584.69,359.0,321.0,1.12,False,,high,utensil,0.8085,1,1.9,
Food_04_overhead_spoon,custom,custom,monocular-geometric,sizeprior_nlp,overhead,spoon,True,261.1,326.36,359.0,321.0,1.12,False,,high,size_prior,0.6669,1,2.1,
Food_04_overhead_spoon,custom,custom,monocular-geometric,sizeprior_notext,overhead,spoon,True,365.89,326.69,359.0,321.0,1.12,False,,high,size_prior,0.6669,1,2.3,
Food_04_overhead_spoon,custom,custom,deep-learning,none,overhead,spoon,True,176.94,157.98,359.0,321.0,1.12,False,,,,,0,2.3,
Food_04_side_left_fork,custom,custom,monocular-geometric,utensil_nlp,side_left,fork,True,348.1,435.17,359.0,321.0,1.12,False,,medium,utensil,0.9291,1,2.4,
Food_04_side_left_fork,custom,custom,monocular-geometric,utensil_notext,side_left,fork,True,488.45,436.12,359.0,321.0,1.12,False,,medium,utensil,0.9291,1,1.9,
Food_04_side_left_fork,custom,custom,monocular-geometric,sizeprior_nlp,side_left,fork,True,146.7,183.38,359.0,321.0,1.12,False,,medium,size_prior,0.6968,1,2.2,
Food_04_side_left_fork,custom,custom,monocular-geometric,sizeprior_notext,side_left,fork,True,205.28,183.29,359.0,321.0,1.12,False,,medium,size_prior,0.6967,1,2.3,
Food_04_side_left_fork,custom,custom,deep-learning,none,side_left,fork,True,148.5,132.59,359.0,321.0,1.12,False,,,,,0,2.3,
Food_04_side_left_knife,custom,custom,monocular-geometric,utensil_nlp,side_left,knife,True,387.1,483.86,359.0,321.0,1.12,False,,medium,utensil,0.977,1,2.4,
Food_04_side_left_knife,custom,custom,monocular-geometric,utensil_notext,side_left,knife,True,540.94,482.98,359.0,321.0,1.12,False,,medium,utensil,0.977,1,1.9,
Food_04_side_left_knife,custom,custom,monocular-geometric,sizeprior_nlp,side_left,knife,True,137.3,171.61,359.0,321.0,1.12,False,,medium,size_prior,0.6926,1,2.1,
Food_04_side_left_knife,custom,custom,monocular-geometric,sizeprior_notext,side_left,knife,True,192.12,171.54,359.0,321.0,1.12,False,,medium,size_prior,0.6927,1,2.3,
Food_04_side_left_knife,custom,custom,deep-learning,none,side_left,knife,True,126.65,113.08,359.0,321.0,1.12,False,,,,,0,2.3,
Food_04_side_left_spoon,custom,custom,monocular-geometric,utensil_nlp,side_left,spoon,True,469.1,586.37,359.0,321.0,1.12,False,,medium,utensil,0.96,1,2.4,
Food_04_side_left_spoon,custom,custom,monocular-geometric,utensil_notext,side_left,spoon,True,652.19,582.31,359.0,321.0,1.12,False,,medium,utensil,0.96,1,1.9,
Food_04_side_left_spoon,custom,custom,monocular-geometric,sizeprior_nlp,side_left,spoon,True,266.7,333.41,359.0,321.0,1.12,False,,medium,size_prior,0.7949,1,2.1,
Food_04_side_left_spoon,custom,custom,monocular-geometric,sizeprior_notext,side_left,spoon,True,374.17,334.08,359.0,321.0,1.12,False,,medium,size_prior,0.7949,1,2.3,
Food_04_side_left_spoon,custom,custom,deep-learning,none,side_left,spoon,True,151.8,135.54,359.0,321.0,1.12,False,,,,,0,2.2,
Food_04_side_right_fork,custom,custom,monocular-geometric,utensil_nlp,side_right,fork,True,359.5,449.41,359.0,321.0,1.12,False,,high,utensil,0.804,1,2.3,
Food_04_side_right_fork,custom,custom,monocular-geometric,utensil_notext,side_right,fork,True,503.81,449.83,359.0,321.0,1.12,False,,high,utensil,0.804,1,1.9,
Food_04_side_right_fork,custom,custom,monocular-geometric,sizeprior_nlp,side_right,fork,True,186.7,233.42,359.0,321.0,1.12,False,,high,size_prior,0.6499,1,2.1,
Food_04_side_right_fork,custom,custom,monocular-geometric,sizeprior_notext,side_right,fork,True,263.08,234.89,359.0,321.0,1.12,False,,high,size_prior,0.65,1,2.3,
Food_04_side_right_fork,custom,custom,deep-learning,none,side_right,fork,True,124.33,111.01,359.0,321.0,1.12,False,,,,,0,2.2,
Food_04_side_right_knife,custom,custom,monocular-geometric,utensil_nlp,side_right,knife,True,382.1,477.66,359.0,321.0,1.12,False,,high,utensil,0.8497,1,2.4,
Food_04_side_right_knife,custom,custom,monocular-geometric,utensil_notext,side_right,knife,True,536.08,478.64,359.0,321.0,1.12,False,,high,utensil,0.8497,1,1.8,
Food_04_side_right_knife,custom,custom,monocular-geometric,sizeprior_nlp,side_right,knife,True,334.2,417.81,359.0,321.0,1.12,False,,high,size_prior,0.8073,1,2.0,
Food_04_side_right_knife,custom,custom,monocular-geometric,sizeprior_notext,side_right,knife,True,465.77,415.87,359.0,321.0,1.12,False,,high,size_prior,0.8075,1,2.3,
Food_04_side_right_knife,custom,custom,deep-learning,none,side_right,knife,True,119.19,106.42,359.0,321.0,1.12,False,,,,,0,2.2,
Food_04_side_right_spoon,custom,custom,monocular-geometric,utensil_nlp,side_right,spoon,True,546.8,683.45,359.0,321.0,1.12,False,,high,utensil,0.871,1,2.2,
Food_04_side_right_spoon,custom,custom,monocular-geometric,utensil_notext,side_right,spoon,True,770.91,688.31,359.0,321.0,1.12,False,,high,utensil,0.871,1,1.6,
Food_04_side_right_spoon,custom,custom,monocular-geometric,sizeprior_nlp,side_right,spoon,True,171.1,213.92,359.0,321.0,1.12,False,,high,size_prior,0.6003,1,2.0,
Food_04_side_right_spoon,custom,custom,monocular-geometric,sizeprior_notext,side_right,spoon,True,245.75,219.42,359.0,321.0,1.12,False,,high,size_prior,0.6005,1,2.2,
Food_04_side_right_spoon,custom,custom,deep-learning,none,side_right,spoon,True,124.58,111.23,359.0,321.0,1.12,False,,,,,0,2.1,
Food_04_tilt_fork,custom,custom,monocular-geometric,utensil_nlp,tilt,fork,True,365.3,456.57,359.0,321.0,1.12,False,,medium,utensil,0.8733,1,2.4,
Food_04_tilt_fork,custom,custom,monocular-geometric,utensil_notext,tilt,fork,True,511.87,457.03,359.0,321.0,1.12,False,,medium,utensil,0.8733,1,1.9,
Food_04_tilt_fork,custom,custom,monocular-geometric,sizeprior_nlp,tilt,fork,True,207.7,259.65,359.0,321.0,1.12,False,,medium,size_prior,0.7237,1,2.2,
Food_04_tilt_fork,custom,custom,monocular-geometric,sizeprior_notext,tilt,fork,True,290.68,259.54,359.0,321.0,1.12,False,,medium,size_prior,0.7236,1,2.3,
Food_04_tilt_fork,custom,custom,deep-learning,none,tilt,fork,True,168.17,150.15,359.0,321.0,1.12,False,,,,,0,2.3,
Food_04_tilt_knife,custom,custom,monocular-geometric,utensil_nlp,tilt,knife,True,390.1,487.68,359.0,321.0,1.12,False,,medium,utensil,0.8369,1,2.4,
Food_04_tilt_knife,custom,custom,monocular-geometric,utensil_notext,tilt,knife,True,545.44,487.0,359.0,321.0,1.12,False,,medium,utensil,0.8369,1,1.9,
Food_04_tilt_knife,custom,custom,monocular-geometric,sizeprior_nlp,tilt,knife,True,351.7,439.59,359.0,321.0,1.12,False,,medium,size_prior,0.8085,1,2.1,
Food_04_tilt_knife,custom,custom,monocular-geometric,sizeprior_notext,tilt,knife,True,491.33,438.69,359.0,321.0,1.12,False,,medium,size_prior,0.8083,1,2.4,
Food_04_tilt_knife,custom,custom,deep-learning,none,tilt,knife,True,155.98,139.27,359.0,321.0,1.12,False,,,,,0,2.3,
Food_04_tilt_spoon,custom,custom,monocular-geometric,utensil_nlp,tilt,spoon,True,396.5,495.61,359.0,321.0,1.12,False,,medium,utensil,0.9287,1,2.4,
Food_04_tilt_spoon,custom,custom,monocular-geometric,utensil_notext,tilt,spoon,True,556.19,496.6,359.0,321.0,1.12,False,,medium,utensil,0.9287,1,1.9,
Food_04_tilt_spoon,custom,custom,monocular-geometric,sizeprior_nlp,tilt,spoon,True,221.6,276.98,359.0,321.0,1.12,False,,medium,size_prior,0.765,1,2.2,
Food_04_tilt_spoon,custom,custom,monocular-geometric,sizeprior_notext,tilt,spoon,True,310.34,277.09,359.0,321.0,1.12,False,,medium,size_prior,0.7649,1,2.4,
Food_04_tilt_spoon,custom,custom,deep-learning,none,tilt,spoon,True,160.03,142.88,359.0,321.0,1.12,False,,,,,0,2.3,
Food_04_mv_fork,custom,custom,multi-view,utensil_notext,multiview,fork,True,742.46,662.91,359.0,321.0,1.12,False,,,utensil,,0,13.3,
Food_04_mv_fork,custom,custom,multi-view,sizeprior_notext,multiview,fork,True,300.08,267.93,359.0,321.0,1.12,False,,,size_prior,,0,14.0,
Food_04_mv_knife,custom,custom,multi-view,utensil_notext,multiview,knife,True,959.43,856.63,359.0,321.0,1.12,False,,,utensil,,0,13.4,
Food_04_mv_knife,custom,custom,multi-view,sizeprior_notext,multiview,knife,True,520.48,464.71,359.0,321.0,1.12,False,,,size_prior,,0,13.7,
Food_04_mv_spoon,custom,custom,multi-view,utensil_notext,multiview,spoon,True,1336.2,1193.04,359.0,321.0,1.12,False,,,utensil,,0,13.0,
Food_04_mv_spoon,custom,custom,multi-view,sizeprior_notext,multiview,spoon,True,397.32,354.75,359.0,321.0,1.12,False,,,size_prior,,0,13.3,
Food_05_overhead_fork,custom,custom,monocular-geometric,utensil_nlp,overhead,fork,True,188.6,409.93,292.0,292.0,1.0,False,,high,utensil,0.6803,1,2.4,
Food_05_overhead_fork,custom,custom,monocular-geometric,utensil_notext,overhead,fork,True,409.95,409.95,292.0,292.0,1.0,False,,high,utensil,0.6803,1,1.7,
Food_05_overhead_fork,custom,custom,monocular-geometric,sizeprior_nlp,overhead,fork,True,141.1,306.7,292.0,292.0,1.0,False,,high,size_prior,0.6178,1,2.1,
Food_05_overhead_fork,custom,custom,monocular-geometric,sizeprior_notext,overhead,fork,True,304.6,304.6,292.0,292.0,1.0,False,,high,size_prior,0.6179,1,2.1,
Food_05_overhead_fork,custom,custom,deep-learning,none,overhead,fork,True,128.37,128.37,292.0,292.0,1.0,False,,,,,0,2.1,
Food_05_overhead_knife,custom,custom,monocular-geometric,utensil_nlp,overhead,knife,True,229.9,499.79,292.0,292.0,1.0,False,,high,utensil,0.7597,1,2.2,
Food_05_overhead_knife,custom,custom,monocular-geometric,utensil_notext,overhead,knife,True,500.18,500.18,292.0,292.0,1.0,False,,high,utensil,0.7597,1,1.7,
Food_05_overhead_knife,custom,custom,monocular-geometric,sizeprior_nlp,overhead,knife,True,98.4,213.97,292.0,292.0,1.0,False,,high,size_prior,0.5742,1,2.1,
Food_05_overhead_knife,custom,custom,monocular-geometric,sizeprior_notext,overhead,knife,True,212.34,212.34,292.0,292.0,1.0,False,,high,size_prior,0.5741,1,2.1,
Food_05_overhead_knife,custom,custom,deep-learning,none,overhead,knife,True,139.82,139.82,292.0,292.0,1.0,False,,,,,0,2.0,
Food_05_overhead_spoon,custom,custom,monocular-geometric,utensil_nlp,overhead,spoon,True,258.7,562.41,292.0,292.0,1.0,False,,high,utensil,0.7953,1,2.2,
Food_05_overhead_spoon,custom,custom,monocular-geometric,utensil_notext,overhead,spoon,True,561.62,561.62,292.0,292.0,1.0,False,,high,utensil,0.7953,1,1.6,
Food_05_overhead_spoon,custom,custom,monocular-geometric,sizeprior_nlp,overhead,spoon,True,155.6,338.25,292.0,292.0,1.0,False,,high,size_prior,0.6717,1,2.0,
Food_05_overhead_spoon,custom,custom,monocular-geometric,sizeprior_notext,overhead,spoon,True,336.93,336.93,292.0,292.0,1.0,False,,high,size_prior,0.6718,1,2.1,
Food_05_overhead_spoon,custom,custom,deep-learning,none,overhead,spoon,True,140.19,140.19,292.0,292.0,1.0,False,,,,,0,2.1,
Food_05_side_left_fork,custom,custom,monocular-geometric,utensil_nlp,side_left,fork,True,149.2,324.41,292.0,292.0,1.0,False,,low,utensil,0.8713,1,2.2,
Food_05_side_left_fork,custom,custom,monocular-geometric,utensil_notext,side_left,fork,True,321.58,321.58,292.0,292.0,1.0,False,,low,utensil,0.8713,1,1.6,
Food_05_side_left_fork,custom,custom,monocular-geometric,sizeprior_nlp,side_left,fork,True,67.4,146.42,292.0,292.0,1.0,False,,low,size_prior,0.6757,1,2.1,
Food_05_side_left_fork,custom,custom,monocular-geometric,sizeprior_notext,side_left,fork,True,141.92,141.92,292.0,292.0,1.0,False,,low,size_prior,0.6748,1,2.2,
Food_05_side_left_fork,custom,custom,deep-learning,none,side_left,fork,True,86.15,86.15,292.0,292.0,1.0,False,,,,,0,2.1,
Food_05_side_left_knife,custom,custom,monocular-geometric,utensil_nlp,side_left,knife,True,190.7,414.55,292.0,292.0,1.0,False,,medium,utensil,0.9994,1,2.2,
Food_05_side_left_knife,custom,custom,monocular-geometric,utensil_notext,side_left,knife,True,409.34,409.34,292.0,292.0,1.0,False,,medium,utensil,0.9994,1,1.6,
Food_05_side_left_knife,custom,custom,monocular-geometric,sizeprior_nlp,side_left,knife,True,61.9,134.56,292.0,292.0,1.0,False,,medium,size_prior,0.6947,1,2.1,
Food_05_side_left_knife,custom,custom,monocular-geometric,sizeprior_notext,side_left,knife,True,129.98,129.98,292.0,292.0,1.0,False,,medium,size_prior,0.6936,1,2.2,
Food_05_side_left_knife,custom,custom,deep-learning,none,side_left,knife,True,83.73,83.73,292.0,292.0,1.0,False,,,,,0,2.1,
Food_05_side_left_spoon,custom,custom,monocular-geometric,utensil_nlp,side_left,spoon,True,208.1,452.37,292.0,292.0,1.0,False,,medium,utensil,1.022,1,2.1,
Food_05_side_left_spoon,custom,custom,monocular-geometric,utensil_notext,side_left,spoon,True,457.98,457.98,292.0,292.0,1.0,False,,medium,utensil,1.022,1,1.6,
Food_05_side_left_spoon,custom,custom,monocular-geometric,sizeprior_nlp,side_left,spoon,True,67.5,146.76,292.0,292.0,1.0,False,,medium,size_prior,0.7025,1,2.0,
Food_05_side_left_spoon,custom,custom,monocular-geometric,sizeprior_notext,side_left,spoon,True,146.61,146.61,292.0,292.0,1.0,False,,medium,size_prior,0.7021,1,2.1,
Food_05_side_left_spoon,custom,custom,deep-learning,none,side_left,spoon,True,94.03,94.03,292.0,292.0,1.0,False,,,,,0,2.0,
Food_05_side_right_fork,custom,custom,monocular-geometric,utensil_nlp,side_right,fork,True,156.5,340.26,292.0,292.0,1.0,False,,medium,utensil,0.8109,1,2.5,
Food_05_side_right_fork,custom,custom,monocular-geometric,utensil_notext,side_right,fork,True,341.69,341.69,292.0,292.0,1.0,False,,medium,utensil,0.8109,1,1.8,
Food_05_side_right_fork,custom,custom,monocular-geometric,sizeprior_nlp,side_right,fork,True,47.0,102.08,292.0,292.0,1.0,False,,medium,size_prior,0.5464,1,2.2,
Food_05_side_right_fork,custom,custom,monocular-geometric,sizeprior_notext,side_right,fork,True,101.82,101.82,292.0,292.0,1.0,False,,medium,size_prior,0.5461,1,2.2,
Food_05_side_right_fork,custom,custom,deep-learning,none,side_right,fork,True,91.78,91.78,292.0,292.0,1.0,False,,,,,0,2.1,
Food_05_side_right_knife,custom,custom,monocular-geometric,utensil_nlp,side_right,knife,True,169.1,367.51,292.0,292.0,1.0,False,,medium,utensil,0.8552,1,2.6,
Food_05_side_right_knife,custom,custom,monocular-geometric,utensil_notext,side_right,knife,True,365.68,365.68,292.0,292.0,1.0,False,,medium,utensil,0.8552,1,2.0,
Food_05_side_right_knife,custom,custom,monocular-geometric,sizeprior_nlp,side_right,knife,True,99.6,216.48,292.0,292.0,1.0,False,,medium,size_prior,0.7216,1,2.2,
Food_05_side_right_knife,custom,custom,monocular-geometric,sizeprior_notext,side_right,knife,True,217.22,217.22,292.0,292.0,1.0,False,,medium,size_prior,0.7212,1,2.2,
Food_05_side_right_knife,custom,custom,deep-learning,none,side_right,knife,True,88.38,88.38,292.0,292.0,1.0,False,,,,,0,2.2,
Food_05_side_right_spoon,custom,custom,monocular-geometric,utensil_nlp,side_right,spoon,True,239.8,521.2,292.0,292.0,1.0,False,,medium,utensil,0.9496,1,2.2,
Food_05_side_right_spoon,custom,custom,monocular-geometric,utensil_notext,side_right,spoon,True,528.7,528.7,292.0,292.0,1.0,False,,medium,utensil,0.9496,1,1.7,
Food_05_side_right_spoon,custom,custom,monocular-geometric,sizeprior_nlp,side_right,spoon,True,69.1,150.13,292.0,292.0,1.0,False,,medium,size_prior,0.6274,1,2.2,
Food_05_side_right_spoon,custom,custom,monocular-geometric,sizeprior_notext,side_right,spoon,True,150.58,150.58,292.0,292.0,1.0,False,,medium,size_prior,0.6267,1,2.2,
Food_05_side_right_spoon,custom,custom,deep-learning,none,side_right,spoon,True,72.99,72.99,292.0,292.0,1.0,False,,,,,0,2.1,
Food_05_tilt_fork,custom,custom,monocular-geometric,utensil_nlp,tilt,fork,True,147.1,319.82,292.0,292.0,1.0,False,,medium,utensil,0.8788,1,2.3,
Food_05_tilt_fork,custom,custom,monocular-geometric,utensil_notext,tilt,fork,True,317.2,317.2,292.0,292.0,1.0,False,,medium,utensil,0.8788,1,1.6,
Food_05_tilt_fork,custom,custom,monocular-geometric,sizeprior_nlp,tilt,fork,True,84.2,183.11,292.0,292.0,1.0,False,,medium,size_prior,0.732,1,2.1,
Food_05_tilt_fork,custom,custom,monocular-geometric,sizeprior_notext,tilt,fork,True,183.03,183.03,292.0,292.0,1.0,False,,medium,size_prior,0.7317,1,2.2,
Food_05_tilt_fork,custom,custom,deep-learning,none,tilt,fork,True,149.19,149.19,292.0,292.0,1.0,False,,,,,0,2.1,
Food_05_tilt_knife,custom,custom,monocular-geometric,utensil_nlp,tilt,knife,True,177.9,386.69,292.0,292.0,1.0,False,,medium,utensil,0.8637,1,2.3,
Food_05_tilt_knife,custom,custom,monocular-geometric,utensil_notext,tilt,knife,True,394.82,394.82,292.0,292.0,1.0,False,,medium,utensil,0.8637,1,1.7,
Food_05_tilt_knife,custom,custom,monocular-geometric,sizeprior_nlp,tilt,knife,True,96.1,208.95,292.0,292.0,1.0,False,,medium,size_prior,0.703,1,2.1,
Food_05_tilt_knife,custom,custom,monocular-geometric,sizeprior_notext,tilt,knife,True,209.27,209.27,292.0,292.0,1.0,False,,medium,size_prior,0.7028,1,2.2,
Food_05_tilt_knife,custom,custom,deep-learning,none,tilt,knife,True,136.58,136.58,292.0,292.0,1.0,False,,,,,0,2.1,
Food_05_tilt_spoon,custom,custom,monocular-geometric,utensil_nlp,tilt,spoon,True,198.3,431.1,292.0,292.0,1.0,False,,medium,utensil,0.8746,1,2.3,
Food_05_tilt_spoon,custom,custom,monocular-geometric,utensil_notext,tilt,spoon,True,432.83,432.83,292.0,292.0,1.0,False,,medium,utensil,0.8746,1,1.7,
Food_05_tilt_spoon,custom,custom,monocular-geometric,sizeprior_nlp,tilt,spoon,True,135.8,295.15,292.0,292.0,1.0,False,,medium,size_prior,0.7711,1,2.1,
Food_05_tilt_spoon,custom,custom,monocular-geometric,sizeprior_notext,tilt,spoon,True,295.6,295.6,292.0,292.0,1.0,False,,medium,size_prior,0.7708,1,2.2,
Food_05_tilt_spoon,custom,custom,deep-learning,none,tilt,spoon,True,137.09,137.09,292.0,292.0,1.0,False,,,,,0,2.1,
Food_05_mv_fork,custom,custom,multi-view,utensil_notext,multiview,fork,True,1361.83,1361.83,292.0,292.0,1.0,False,,,utensil,,0,16.6,
Food_05_mv_fork,custom,custom,multi-view,sizeprior_notext,multiview,fork,True,506.81,506.81,292.0,292.0,1.0,False,,,size_prior,,0,17.2,
Food_05_mv_knife,custom,custom,multi-view,utensil_notext,multiview,knife,True,1676.47,1676.47,292.0,292.0,1.0,False,,,utensil,,0,17.9,
Food_05_mv_knife,custom,custom,multi-view,sizeprior_notext,multiview,knife,True,586.62,586.62,292.0,292.0,1.0,False,,,size_prior,,0,18.1,
Food_05_mv_spoon,custom,custom,multi-view,utensil_notext,multiview,spoon,True,2290.74,2290.74,292.0,292.0,1.0,False,,,utensil,,0,17.5,
Food_05_mv_spoon,custom,custom,multi-view,sizeprior_notext,multiview,spoon,True,736.03,736.03,292.0,292.0,1.0,False,,,size_prior,,0,17.9,
Food_06_overhead_fork,custom,custom,monocular-geometric,utensil_nlp,overhead,fork,True,28.6,69.87,63.0,61.0,1.03,False,,high,utensil,0.7305,1,2.5,
Food_06_overhead_fork,custom,custom,monocular-geometric,utensil_notext,overhead,fork,True,71.87,69.78,63.0,61.0,1.03,False,,high,utensil,0.7305,1,1.9,
Food_06_overhead_fork,custom,custom,monocular-geometric,sizeprior_nlp,overhead,fork,True,53.0,129.28,63.0,61.0,1.03,False,,high,size_prior,0.8959,1,2.2,
Food_06_overhead_fork,custom,custom,monocular-geometric,sizeprior_notext,overhead,fork,True,133.56,129.67,63.0,61.0,1.03,False,,high,size_prior,0.8973,1,2.2,
Food_06_overhead_fork,custom,custom,deep-learning,none,overhead,fork,True,137.64,133.63,63.0,61.0,1.03,False,,,,,0,2.2,
Food_06_overhead_knife,custom,custom,monocular-geometric,utensil_nlp,overhead,knife,True,34.2,83.46,63.0,61.0,1.03,False,,high,utensil,0.7301,1,2.5,
Food_06_overhead_knife,custom,custom,monocular-geometric,utensil_notext,overhead,knife,True,86.14,83.63,63.0,61.0,1.03,False,,high,utensil,0.7301,1,1.9,
Food_06_overhead_knife,custom,custom,monocular-geometric,sizeprior_nlp,overhead,knife,True,54.5,132.85,63.0,61.0,1.03,False,,high,size_prior,0.8516,1,2.2,
Food_06_overhead_knife,custom,custom,monocular-geometric,sizeprior_notext,overhead,knife,True,137.39,133.39,63.0,61.0,1.03,False,,high,size_prior,0.8526,1,2.2,
Food_06_overhead_knife,custom,custom,deep-learning,none,overhead,knife,True,135.95,131.99,63.0,61.0,1.03,False,,,,,0,2.2,
Food_06_overhead_spoon,custom,custom,monocular-geometric,utensil_nlp,overhead,spoon,True,36.9,90.0,63.0,61.0,1.03,False,,high,utensil,0.7956,1,2.4,
Food_06_overhead_spoon,custom,custom,monocular-geometric,utensil_notext,overhead,spoon,True,92.51,89.82,63.0,61.0,1.03,False,,high,utensil,0.7956,1,1.7,
Food_06_overhead_spoon,custom,custom,monocular-geometric,sizeprior_nlp,overhead,spoon,True,57.4,139.89,63.0,61.0,1.03,False,,high,size_prior,0.9213,1,2.1,
Food_06_overhead_spoon,custom,custom,monocular-geometric,sizeprior_notext,overhead,spoon,True,144.62,140.41,63.0,61.0,1.03,False,,high,size_prior,0.923,1,2.2,
Food_06_overhead_spoon,custom,custom,deep-learning,none,overhead,spoon,True,133.97,130.07,63.0,61.0,1.03,False,,,,,0,2.2,
Food_06_side_left_fork,custom,custom,monocular-geometric,utensil_nlp,side_left,fork,True,24.7,60.34,63.0,61.0,1.03,False,,medium,utensil,0.8213,1,2.4,
Food_06_side_left_fork,custom,custom,monocular-geometric,utensil_notext,side_left,fork,True,61.98,60.17,63.0,61.0,1.03,False,,medium,utensil,0.8213,1,1.8,
Food_06_side_left_fork,custom,custom,monocular-geometric,sizeprior_nlp,side_left,fork,True,56.1,136.8,63.0,61.0,1.03,False,,medium,size_prior,1.0777,1,2.2,
Food_06_side_left_fork,custom,custom,monocular-geometric,sizeprior_notext,side_left,fork,True,141.68,137.55,63.0,61.0,1.03,False,,medium,size_prior,1.0797,1,2.2,
Food_06_side_left_fork,custom,custom,deep-learning,none,side_left,fork,True,121.45,117.91,63.0,61.0,1.03,False,,,,,0,2.1,
Food_06_side_left_knife,custom,custom,monocular-geometric,utensil_nlp,side_left,knife,True,26.9,65.68,63.0,61.0,1.03,False,,medium,utensil,0.8463,1,2.5,
Food_06_side_left_knife,custom,custom,monocular-geometric,utensil_notext,side_left,knife,True,67.57,65.6,63.0,61.0,1.03,False,,medium,utensil,0.8463,1,1.8,
Food_06_side_left_knife,custom,custom,monocular-geometric,sizeprior_nlp,side_left,knife,True,48.6,118.59,63.0,61.0,1.03,False,,medium,size_prior,1.0296,1,2.2,
Food_06_side_left_knife,custom,custom,monocular-geometric,sizeprior_notext,side_left,knife,True,122.18,118.62,63.0,61.0,1.03,False,,medium,size_prior,1.0306,1,2.2,
Food_06_side_left_knife,custom,custom,deep-learning,none,side_left,knife,True,110.61,107.39,63.0,61.0,1.03,False,,,,,0,2.2,
Food_06_side_left_spoon,custom,custom,monocular-geometric,utensil_nlp,side_left,spoon,True,38.5,93.92,63.0,61.0,1.03,False,,medium,utensil,0.9292,1,2.4,
Food_06_side_left_spoon,custom,custom,monocular-geometric,utensil_notext,side_left,spoon,True,96.53,93.72,63.0,61.0,1.03,False,,medium,utensil,0.9292,1,1.8,
Food_06_side_left_spoon,custom,custom,monocular-geometric,sizeprior_nlp,side_left,spoon,True,59.0,143.82,63.0,61.0,1.03,False,,medium,size_prior,1.0707,1,2.2,
Food_06_side_left_spoon,custom,custom,monocular-geometric,sizeprior_notext,side_left,spoon,True,148.45,144.13,63.0,61.0,1.03,False,,medium,size_prior,1.0717,1,2.2,
Food_06_side_left_spoon,custom,custom,deep-learning,none,side_left,spoon,True,115.2,111.84,63.0,61.0,1.03,False,,,,,0,2.2,
Food_06_side_right_fork,custom,custom,monocular-geometric,utensil_nlp,side_right,fork,True,23.9,58.27,63.0,61.0,1.03,False,,high,utensil,0.712,1,2.4,
Food_06_side_right_fork,custom,custom,monocular-geometric,utensil_notext,side_right,fork,True,60.02,58.27,63.0,61.0,1.03,False,,high,utensil,0.712,1,1.7,
Food_06_side_right_fork,custom,custom,monocular-geometric,sizeprior_nlp,side_right,fork,True,85.5,208.64,63.0,61.0,1.03,False,,high,size_prior,1.0869,1,2.1,
Food_06_side_right_fork,custom,custom,monocular-geometric,sizeprior_notext,side_right,fork,True,215.58,209.3,63.0,61.0,1.03,False,,high,size_prior,1.0884,1,2.2,
Food_06_side_right_fork,custom,custom,deep-learning,none,side_right,fork,True,103.66,100.64,63.0,61.0,1.03,False,,,,,0,2.2,
Food_06_side_right_knife,custom,custom,monocular-geometric,utensil_nlp,side_right,knife,True,37.0,90.31,63.0,61.0,1.03,False,,medium,utensil,0.8032,1,2.4,
Food_06_side_right_knife,custom,custom,monocular-geometric,utensil_notext,side_right,knife,True,92.98,90.27,63.0,61.0,1.03,False,,medium,utensil,0.8032,1,1.9,
Food_06_side_right_knife,custom,custom,monocular-geometric,sizeprior_nlp,side_right,knife,True,96.1,234.32,63.0,61.0,1.03,False,,medium,size_prior,1.1053,1,2.1,
Food_06_side_right_knife,custom,custom,monocular-geometric,sizeprior_notext,side_right,knife,True,242.85,235.78,63.0,61.0,1.03,False,,medium,size_prior,1.1058,1,2.2,
Food_06_side_right_knife,custom,custom,deep-learning,none,side_right,knife,True,79.53,77.21,63.0,61.0,1.03,False,,,,,0,2.1,
Food_06_side_right_spoon,custom,custom,monocular-geometric,utensil_nlp,side_right,spoon,True,36.3,88.52,63.0,61.0,1.03,False,,high,utensil,0.8324,1,2.4,
Food_06_side_right_spoon,custom,custom,monocular-geometric,utensil_notext,side_right,spoon,True,91.01,88.36,63.0,61.0,1.03,False,,high,utensil,0.8324,1,1.8,
Food_06_side_right_spoon,custom,custom,monocular-geometric,sizeprior_nlp,side_right,spoon,True,59.6,145.27,63.0,61.0,1.03,False,,high,size_prior,0.9807,1,2.1,
Food_06_side_right_spoon,custom,custom,monocular-geometric,sizeprior_notext,side_right,spoon,True,149.64,145.28,63.0,61.0,1.03,False,,high,size_prior,0.9816,1,2.2,
Food_06_side_right_spoon,custom,custom,deep-learning,none,side_right,spoon,True,95.66,92.87,63.0,61.0,1.03,False,,,,,0,2.1,
Food_06_tilt_fork,custom,custom,monocular-geometric,utensil_nlp,tilt,fork,True,33.4,81.41,63.0,61.0,1.03,False,,high,utensil,0.8241,1,2.4,
Food_06_tilt_fork,custom,custom,monocular-geometric,utensil_notext,tilt,fork,True,83.7,81.26,63.0,61.0,1.03,False,,high,utensil,0.8241,1,1.8,
Food_06_tilt_fork,custom,custom,monocular-geometric,sizeprior_nlp,tilt,fork,True,50.6,123.53,63.0,61.0,1.03,False,,high,size_prior,0.9469,1,2.2,
Food_06_tilt_fork,custom,custom,monocular-geometric,sizeprior_notext,tilt,fork,True,127.72,124.0,63.0,61.0,1.03,False,,high,size_prior,0.9481,1,2.2,
Food_06_tilt_fork,custom,custom,deep-learning,none,tilt,fork,True,128.44,124.7,63.0,61.0,1.03,False,,,,,0,2.2,
Food_06_tilt_knife,custom,custom,monocular-geometric,utensil_nlp,tilt,knife,True,42.4,103.48,63.0,61.0,1.03,False,,high,utensil,0.9802,1,2.5,
Food_06_tilt_knife,custom,custom,monocular-geometric,utensil_notext,tilt,knife,True,106.59,103.49,63.0,61.0,1.03,False,,high,utensil,0.9802,1,1.8,
Food_06_tilt_knife,custom,custom,monocular-geometric,sizeprior_nlp,tilt,knife,True,52.8,128.73,63.0,61.0,1.03,False,,high,size_prior,1.0541,1,2.1,
Food_06_tilt_knife,custom,custom,monocular-geometric,sizeprior_notext,tilt,knife,True,132.94,129.07,63.0,61.0,1.03,False,,high,size_prior,1.0549,1,2.2,
Food_06_tilt_knife,custom,custom,deep-learning,none,tilt,knife,True,114.66,111.32,63.0,61.0,1.03,False,,,,,0,2.3,
Food_06_tilt_spoon,custom,custom,monocular-geometric,utensil_nlp,tilt,spoon,True,45.4,110.8,63.0,61.0,1.03,False,,high,utensil,0.9094,1,2.5,
Food_06_tilt_spoon,custom,custom,monocular-geometric,utensil_notext,tilt,spoon,True,113.75,110.44,63.0,61.0,1.03,False,,high,utensil,0.9094,1,1.8,
Food_06_tilt_spoon,custom,custom,monocular-geometric,sizeprior_nlp,tilt,spoon,True,59.3,144.58,63.0,61.0,1.03,False,,high,size_prior,0.9936,1,2.2,
Food_06_tilt_spoon,custom,custom,monocular-geometric,sizeprior_notext,tilt,spoon,True,149.49,145.14,63.0,61.0,1.03,False,,high,size_prior,0.9946,1,2.2,
Food_06_tilt_spoon,custom,custom,deep-learning,none,tilt,spoon,True,128.51,124.77,63.0,61.0,1.03,False,,,,,0,2.2,
Food_06_mv_fork,custom,custom,multi-view,utensil_notext,multiview,fork,True,60.32,58.56,63.0,61.0,1.03,False,,,utensil,,0,11.4,
Food_06_mv_fork,custom,custom,multi-view,sizeprior_notext,multiview,fork,True,67.05,65.1,63.0,61.0,1.03,False,,,size_prior,,0,11.9,
Food_06_mv_knife,custom,custom,multi-view,utensil_notext,multiview,knife,True,56.01,54.38,63.0,61.0,1.03,False,,,utensil,,0,11.5,
Food_06_mv_knife,custom,custom,multi-view,sizeprior_notext,multiview,knife,True,59.23,57.5,63.0,61.0,1.03,False,,,size_prior,,0,11.7,
Food_06_mv_spoon,custom,custom,multi-view,utensil_notext,multiview,spoon,True,74.2,72.04,63.0,61.0,1.03,False,,,utensil,,0,11.5,
Food_06_mv_spoon,custom,custom,multi-view,sizeprior_notext,multiview,spoon,True,76.64,74.41,63.0,61.0,1.03,False,,,size_prior,,0,11.9,
Food_07_overhead_fork,custom,custom,monocular-geometric,utensil_nlp,overhead,fork,True,53.9,128.24,66.0,150.0,0.44,False,,high,utensil,0.6681,1,3.2,
Food_07_overhead_fork,custom,custom,monocular-geometric,utensil_notext,overhead,fork,True,57.43,130.52,66.0,150.0,0.44,False,,high,utensil,0.6681,1,2.9,
Food_07_overhead_fork,custom,custom,monocular-geometric,sizeprior_nlp,overhead,fork,True,38.8,92.37,66.0,150.0,0.44,False,,high,size_prior,0.5982,1,3.0,
Food_07_overhead_fork,custom,custom,monocular-geometric,sizeprior_notext,overhead,fork,True,41.43,94.15,66.0,150.0,0.44,False,,high,size_prior,0.6026,1,3.3,
Food_07_overhead_fork,custom,custom,deep-learning,none,overhead,fork,True,122.36,278.09,66.0,150.0,0.44,False,,,,,0,3.2,
Food_07_overhead_knife,custom,custom,monocular-geometric,utensil_nlp,overhead,knife,True,60.6,144.36,66.0,150.0,0.44,False,,high,utensil,0.6781,1,3.0,
Food_07_overhead_knife,custom,custom,monocular-geometric,utensil_notext,overhead,knife,True,63.39,144.07,66.0,150.0,0.44,False,,high,utensil,0.6781,1,3.0,
Food_07_overhead_knife,custom,custom,monocular-geometric,sizeprior_nlp,overhead,knife,True,45.9,109.18,66.0,150.0,0.44,False,,high,size_prior,0.6158,1,2.8,
Food_07_overhead_knife,custom,custom,monocular-geometric,sizeprior_notext,overhead,knife,True,48.09,109.29,66.0,150.0,0.44,False,,high,size_prior,0.6182,1,3.3,
Food_07_overhead_knife,custom,custom,deep-learning,none,overhead,knife,True,117.9,267.95,66.0,150.0,0.44,False,,,,,0,3.2,
Food_07_overhead_spoon,custom,custom,monocular-geometric,utensil_nlp,overhead,spoon,True,82.0,195.25,66.0,150.0,0.44,False,,high,utensil,0.7523,1,2.9,
Food_07_overhead_spoon,custom,custom,monocular-geometric,utensil_notext,overhead,spoon,True,84.05,191.03,66.0,150.0,0.44,False,,high,utensil,0.7523,1,1.8,
Food_07_overhead_spoon,custom,custom,monocular-geometric,sizeprior_nlp,overhead,spoon,True,48.2,114.76,66.0,150.0,0.44,False,,high,size_prior,0.6368,1,2.8,
Food_07_overhead_spoon,custom,custom,monocular-geometric,sizeprior_notext,overhead,spoon,True,52.08,118.36,66.0,150.0,0.44,False,,high,size_prior,0.6426,1,2.3,
Food_07_overhead_spoon,custom,custom,deep-learning,none,overhead,spoon,True,130.21,295.93,66.0,150.0,0.44,False,,,,,0,2.1,
Food_07_side_left_fork,custom,custom,monocular-geometric,utensil_nlp,side_left,fork,True,30.3,72.22,66.0,150.0,0.44,False,,medium,utensil,0.7713,1,3.1,
Food_07_side_left_fork,custom,custom,monocular-geometric,utensil_notext,side_left,fork,True,31.72,72.1,66.0,150.0,0.44,False,,medium,utensil,0.7713,1,1.8,
Food_07_side_left_fork,custom,custom,monocular-geometric,sizeprior_nlp,side_left,fork,True,38.9,92.62,66.0,150.0,0.44,False,,medium,size_prior,0.838,1,2.9,
Food_07_side_left_fork,custom,custom,monocular-geometric,sizeprior_notext,side_left,fork,True,41.5,94.32,66.0,150.0,0.44,False,,medium,size_prior,0.8431,1,2.3,
Food_07_side_left_fork,custom,custom,deep-learning,none,side_left,fork,True,91.12,207.09,66.0,150.0,0.44,False,,,,,0,2.2,
Food_07_side_left_knife,custom,custom,monocular-geometric,utensil_nlp,side_left,knife,True,49.3,117.5,66.0,150.0,0.44,False,,low,utensil,1.0197,1,3.0,
Food_07_side_left_knife,custom,custom,monocular-geometric,utensil_notext,side_left,knife,True,52.55,119.44,66.0,150.0,0.44,False,,low,utensil,1.0197,1,1.7,
Food_07_side_left_knife,custom,custom,monocular-geometric,sizeprior_nlp,side_left,knife,True,29.6,70.48,66.0,150.0,0.44,False,,low,size_prior,0.8654,1,2.9,
Food_07_side_left_knife,custom,custom,monocular-geometric,sizeprior_notext,side_left,knife,True,31.73,72.11,66.0,150.0,0.44,False,,low,size_prior,0.8701,1,2.3,
Food_07_side_left_knife,custom,custom,deep-learning,none,side_left,knife,True,73.96,168.09,66.0,150.0,0.44,False,,,,,0,2.3,
Food_07_side_left_spoon,custom,custom,monocular-geometric,utensil_nlp,side_left,spoon,True,47.4,112.83,66.0,150.0,0.44,False,,medium,utensil,0.9283,1,2.9,
Food_07_side_left_spoon,custom,custom,monocular-geometric,utensil_notext,side_left,spoon,True,49.96,113.54,66.0,150.0,0.44,False,,medium,utensil,0.9283,1,1.8,
Food_07_side_left_spoon,custom,custom,monocular-geometric,sizeprior_nlp,side_left,spoon,True,32.9,78.43,66.0,150.0,0.44,False,,medium,size_prior,0.8221,1,2.7,
Food_07_side_left_spoon,custom,custom,monocular-geometric,sizeprior_notext,side_left,spoon,True,35.27,80.17,66.0,150.0,0.44,False,,medium,size_prior,0.8275,1,2.2,
Food_07_side_left_spoon,custom,custom,deep-learning,none,side_left,spoon,True,94.29,214.3,66.0,150.0,0.44,False,,,,,0,2.3,
Food_07_side_right_fork,custom,custom,monocular-geometric,utensil_nlp,side_right,fork,True,41.0,97.58,66.0,150.0,0.44,False,,high,utensil,0.784,1,2.7,
Food_07_side_right_fork,custom,custom,monocular-geometric,utensil_notext,side_right,fork,True,42.68,96.99,66.0,150.0,0.44,False,,high,utensil,0.784,1,1.8,
Food_07_side_right_fork,custom,custom,monocular-geometric,sizeprior_nlp,side_right,fork,True,33.9,80.64,66.0,150.0,0.44,False,,high,size_prior,0.7361,1,2.5,
Food_07_side_right_fork,custom,custom,monocular-geometric,sizeprior_notext,side_right,fork,True,35.84,81.45,66.0,150.0,0.44,False,,high,size_prior,0.7396,1,2.2,
Food_07_side_right_fork,custom,custom,deep-learning,none,side_right,fork,True,60.15,136.7,66.0,150.0,0.44,False,,,,,0,2.2,
Food_07_side_right_knife,custom,custom,monocular-geometric,utensil_nlp,side_right,knife,True,48.2,114.84,66.0,150.0,0.44,False,,high,utensil,0.8474,1,2.4,
Food_07_side_right_knife,custom,custom,monocular-geometric,utensil_notext,side_right,knife,True,50.44,114.64,66.0,150.0,0.44,False,,high,utensil,0.8474,1,1.8,
Food_07_side_right_knife,custom,custom,monocular-geometric,sizeprior_nlp,side_right,knife,True,35.0,83.25,66.0,150.0,0.44,False,,high,size_prior,0.7612,1,2.2,
Food_07_side_right_knife,custom,custom,monocular-geometric,sizeprior_notext,side_right,knife,True,37.14,84.41,66.0,150.0,0.44,False,,high,size_prior,0.765,1,2.3,
Food_07_side_right_knife,custom,custom,deep-learning,none,side_right,knife,True,55.61,126.39,66.0,150.0,0.44,False,,,,,0,2.2,
Food_07_side_right_spoon,custom,custom,monocular-geometric,utensil_nlp,side_right,spoon,True,72.6,172.91,66.0,150.0,0.44,False,,medium,utensil,0.9804,1,2.5,
Food_07_side_right_spoon,custom,custom,monocular-geometric,utensil_notext,side_right,spoon,True,75.53,171.67,66.0,150.0,0.44,False,,medium,utensil,0.9804,1,1.9,
Food_07_side_right_spoon,custom,custom,monocular-geometric,sizeprior_nlp,side_right,spoon,True,22.7,54.12,66.0,150.0,0.44,False,,medium,size_prior,0.6704,1,2.2,
Food_07_side_right_spoon,custom,custom,monocular-geometric,sizeprior_notext,side_right,spoon,True,24.21,55.02,66.0,150.0,0.44,False,,medium,size_prior,0.6738,1,2.3,
Food_07_side_right_spoon,custom,custom,deep-learning,none,side_right,spoon,True,68.89,156.57,66.0,150.0,0.44,False,,,,,0,2.3,
Food_07_tilt_fork,custom,custom,monocular-geometric,utensil_nlp,tilt,fork,True,52.1,124.03,66.0,150.0,0.44,False,,high,utensil,0.7242,1,3.1,
Food_07_tilt_fork,custom,custom,monocular-geometric,utensil_notext,tilt,fork,True,55.21,125.47,66.0,150.0,0.44,False,,high,utensil,0.7242,1,1.7,
Food_07_tilt_fork,custom,custom,monocular-geometric,sizeprior_nlp,tilt,fork,True,33.6,80.0,66.0,150.0,0.44,False,,high,size_prior,0.6243,1,2.9,
Food_07_tilt_fork,custom,custom,monocular-geometric,sizeprior_notext,tilt,fork,True,36.37,82.67,66.0,150.0,0.44,False,,high,size_prior,0.6309,1,2.3,
Food_07_tilt_fork,custom,custom,deep-learning,none,tilt,fork,True,127.02,288.68,66.0,150.0,0.44,False,,,,,0,2.1,
Food_07_tilt_knife,custom,custom,monocular-geometric,utensil_nlp,tilt,knife,True,66.4,158.16,66.0,150.0,0.44,False,,high,utensil,0.9303,1,3.2,
Food_07_tilt_knife,custom,custom,monocular-geometric,utensil_notext,tilt,knife,True,69.59,158.15,66.0,150.0,0.44,False,,high,utensil,0.9303,1,2.8,
Food_07_tilt_knife,custom,custom,monocular-geometric,sizeprior_nlp,tilt,knife,True,54.8,130.5,66.0,150.0,0.44,False,,high,size_prior,0.8735,1,3.0,
Food_07_tilt_knife,custom,custom,monocular-geometric,sizeprior_notext,tilt,knife,True,58.76,133.55,66.0,150.0,0.44,False,,high,size_prior,0.8792,1,3.3,
Food_07_tilt_knife,custom,custom,deep-learning,none,tilt,knife,True,107.14,243.5,66.0,150.0,0.44,False,,,,,0,3.2,
Food_07_tilt_spoon,custom,custom,monocular-geometric,utensil_nlp,tilt,spoon,True,75.4,179.56,66.0,150.0,0.44,False,,high,utensil,0.8481,1,3.1,
Food_07_tilt_spoon,custom,custom,monocular-geometric,utensil_notext,tilt,spoon,True,78.83,179.17,66.0,150.0,0.44,False,,high,utensil,0.8481,1,2.9,
Food_07_tilt_spoon,custom,custom,monocular-geometric,sizeprior_nlp,tilt,spoon,True,32.8,78.13,66.0,150.0,0.44,False,,high,size_prior,0.6469,1,2.9,
Food_07_tilt_spoon,custom,custom,monocular-geometric,sizeprior_notext,tilt,spoon,True,35.58,80.86,66.0,150.0,0.44,False,,high,size_prior,0.6518,1,3.3,
Food_07_tilt_spoon,custom,custom,deep-learning,none,tilt,spoon,True,134.69,306.11,66.0,150.0,0.44,False,,,,,0,3.2,
Food_07_mv_fork,custom,custom,multi-view,utensil_notext,multiview,fork,True,139.05,316.02,66.0,150.0,0.44,False,,,utensil,,0,16.4,
Food_07_mv_fork,custom,custom,multi-view,sizeprior_notext,multiview,fork,True,68.9,156.58,66.0,150.0,0.44,False,,,size_prior,,0,16.8,
Food_07_mv_knife,custom,custom,multi-view,utensil_notext,multiview,knife,True,126.7,287.95,66.0,150.0,0.44,False,,,utensil,,0,16.9,
Food_07_mv_knife,custom,custom,multi-view,sizeprior_notext,multiview,knife,True,89.33,203.02,66.0,150.0,0.44,False,,,size_prior,,0,17.1,
Food_07_mv_spoon,custom,custom,multi-view,utensil_notext,multiview,spoon,True,136.36,309.9,66.0,150.0,0.44,False,,,utensil,,0,16.9,
Food_07_mv_spoon,custom,custom,multi-view,sizeprior_notext,multiview,spoon,True,54.69,124.29,66.0,150.0,0.44,False,,,size_prior,,0,17.1,
Food_08_overhead_fork,custom,custom,monocular-geometric,utensil_nlp,overhead,fork,True,433.6,401.48,263.0,260.0,1.01,False,,high,utensil,0.526,1,2.0,
Food_08_overhead_fork,custom,custom,monocular-geometric,utensil_notext,overhead,fork,True,411.81,407.73,263.0,260.0,1.01,False,,high,utensil,0.526,1,1.4,
Food_08_overhead_fork,custom,custom,monocular-geometric,sizeprior_nlp,overhead,fork,True,460.1,426.04,263.0,260.0,1.01,False,,high,size_prior,0.5363,1,1.8,
Food_08_overhead_fork,custom,custom,monocular-geometric,sizeprior_notext,overhead,fork,True,424.92,420.71,263.0,260.0,1.01,False,,high,size_prior,0.5315,1,1.9,
Food_08_overhead_fork,custom,custom,deep-learning,none,overhead,fork,True,87.58,86.71,263.0,260.0,1.01,False,,,,,0,1.9,
Food_08_overhead_knife,custom,custom,monocular-geometric,utensil_nlp,overhead,knife,True,762.2,705.73,263.0,260.0,1.01,False,,high,utensil,0.5419,1,2.1,
Food_08_overhead_knife,custom,custom,monocular-geometric,utensil_notext,overhead,knife,True,714.29,707.22,263.0,260.0,1.01,False,,high,utensil,0.5419,1,1.6,
Food_08_overhead_knife,custom,custom,monocular-geometric,sizeprior_nlp,overhead,knife,True,584.5,541.16,263.0,260.0,1.01,False,,high,size_prior,0.496,1,2.0,
Food_08_overhead_knife,custom,custom,monocular-geometric,sizeprior_notext,overhead,knife,True,545.24,539.84,263.0,260.0,1.01,False,,high,size_prior,0.4953,1,2.1,
Food_08_overhead_knife,custom,custom,deep-learning,none,overhead,knife,True,85.83,84.98,263.0,260.0,1.01,False,,,,,0,2.0,
Food_08_overhead_spoon,custom,custom,monocular-geometric,utensil_nlp,overhead,spoon,True,475.1,439.92,263.0,260.0,1.01,False,,high,utensil,0.5942,1,1.9,
Food_08_overhead_spoon,custom,custom,monocular-geometric,utensil_notext,overhead,spoon,True,460.69,456.13,263.0,260.0,1.01,False,,high,utensil,0.5942,1,1.4,
Food_08_overhead_spoon,custom,custom,monocular-geometric,sizeprior_nlp,overhead,spoon,True,490.9,454.56,263.0,260.0,1.01,False,,high,size_prior,0.6007,1,1.8,
Food_08_overhead_spoon,custom,custom,monocular-geometric,sizeprior_notext,overhead,spoon,True,453.16,448.67,263.0,260.0,1.01,False,,high,size_prior,0.5909,1,2.0,
Food_08_overhead_spoon,custom,custom,deep-learning,none,overhead,spoon,True,111.0,109.9,263.0,260.0,1.01,False,,,,,0,1.9,
Food_08_side_left_fork,custom,custom,monocular-geometric,utensil_nlp,side_left,fork,True,751.3,695.66,263.0,260.0,1.01,False,,low,utensil,0.8135,1,2.2,
Food_08_side_left_fork,custom,custom,monocular-geometric,utensil_notext,side_left,fork,True,701.63,694.68,263.0,260.0,1.01,False,,low,utensil,0.8135,1,1.6,
Food_08_side_left_fork,custom,custom,monocular-geometric,sizeprior_nlp,side_left,fork,True,628.0,581.47,263.0,260.0,1.01,False,,low,size_prior,0.7664,1,2.0,
Food_08_side_left_fork,custom,custom,monocular-geometric,sizeprior_notext,side_left,fork,True,587.79,581.97,263.0,260.0,1.01,False,,low,size_prior,0.767,1,2.4,
Food_08_side_left_fork,custom,custom,deep-learning,none,side_left,fork,True,101.3,100.3,263.0,260.0,1.01,False,,,,,0,2.0,
Food_08_side_left_knife,custom,custom,monocular-geometric,utensil_nlp,side_left,knife,True,2134.9,1976.72,263.0,260.0,1.01,False,,low,utensil,1.191,1,2.1,
Food_08_side_left_knife,custom,custom,monocular-geometric,utensil_notext,side_left,knife,True,1992.62,1972.89,263.0,260.0,1.01,False,,low,utensil,1.191,1,1.6,
Food_08_side_left_knife,custom,custom,monocular-geometric,sizeprior_nlp,side_left,knife,True,466.9,432.34,263.0,260.0,1.01,False,,low,size_prior,0.7189,1,2.1,
Food_08_side_left_knife,custom,custom,monocular-geometric,sizeprior_notext,side_left,knife,True,437.89,433.55,263.0,260.0,1.01,False,,low,size_prior,0.72,1,2.2,
Food_08_side_left_knife,custom,custom,deep-learning,none,side_left,knife,True,88.87,87.99,263.0,260.0,1.01,False,,,,,0,2.1,
Food_08_side_left_spoon,custom,custom,monocular-geometric,utensil_nlp,side_left,spoon,True,1007.1,932.46,263.0,260.0,1.01,False,,low,utensil,0.8881,1,2.1,
Food_08_side_left_spoon,custom,custom,monocular-geometric,utensil_notext,side_left,spoon,True,941.06,931.74,263.0,260.0,1.01,False,,low,utensil,0.8881,1,1.5,
Food_08_side_left_spoon,custom,custom,monocular-geometric,sizeprior_nlp,side_left,spoon,True,593.7,549.76,263.0,260.0,1.01,False,,low,size_prior,0.7454,1,2.0,
Food_08_side_left_spoon,custom,custom,monocular-geometric,sizeprior_notext,side_left,spoon,True,556.07,550.56,263.0,260.0,1.01,False,,low,size_prior,0.7459,1,2.1,
Food_08_side_left_spoon,custom,custom,deep-learning,none,side_left,spoon,True,93.38,92.46,263.0,260.0,1.01,False,,,,,0,2.0,
Food_08_side_right_fork,custom,custom,monocular-geometric,utensil_nlp,side_right,fork,True,723.0,669.4,263.0,260.0,1.01,False,,low,utensil,0.5925,1,2.2,
Food_08_side_right_fork,custom,custom,monocular-geometric,utensil_notext,side_right,fork,True,676.78,670.08,263.0,260.0,1.01,False,,low,utensil,0.5925,1,1.6,
Food_08_side_right_fork,custom,custom,monocular-geometric,sizeprior_nlp,side_right,fork,True,307.4,284.64,263.0,260.0,1.01,False,,low,size_prior,0.4459,1,2.0,
Food_08_side_right_fork,custom,custom,monocular-geometric,sizeprior_notext,side_right,fork,True,288.0,285.15,263.0,260.0,1.01,False,,low,size_prior,0.446,1,2.2,
Food_08_side_right_fork,custom,custom,deep-learning,none,side_right,fork,True,87.74,86.87,263.0,260.0,1.01,False,,,,,0,2.0,
Food_08_side_right_knife,custom,custom,monocular-geometric,utensil_nlp,side_right,knife,True,929.7,860.84,263.0,260.0,1.01,False,,low,utensil,0.8907,1,2.1,
Food_08_side_right_knife,custom,custom,monocular-geometric,utensil_notext,side_right,knife,True,870.54,861.92,263.0,260.0,1.01,False,,low,utensil,0.8907,1,1.6,
Food_08_side_right_knife,custom,custom,monocular-geometric,sizeprior_nlp,side_right,knife,True,430.4,398.55,263.0,260.0,1.01,False,,low,size_prior,0.6893,1,2.0,
Food_08_side_right_knife,custom,custom,monocular-geometric,sizeprior_notext,side_right,knife,True,403.0,399.01,263.0,260.0,1.01,False,,low,size_prior,0.6896,1,2.1,
Food_08_side_right_knife,custom,custom,deep-learning,none,side_right,knife,True,83.05,82.23,263.0,260.0,1.01,False,,,,,0,2.1,
Food_08_side_right_spoon,custom,custom,monocular-geometric,utensil_nlp,side_right,spoon,True,1184.5,1096.8,263.0,260.0,1.01,False,,low,utensil,0.6086,1,2.1,
Food_08_side_right_spoon,custom,custom,monocular-geometric,utensil_notext,side_right,spoon,True,1108.87,1097.89,263.0,260.0,1.01,False,,low,utensil,0.6086,1,1.4,
Food_08_side_right_spoon,custom,custom,monocular-geometric,sizeprior_nlp,side_right,spoon,True,397.8,368.34,263.0,260.0,1.01,False,,low,size_prior,0.4262,1,1.9,
Food_08_side_right_spoon,custom,custom,monocular-geometric,sizeprior_notext,side_right,spoon,True,375.0,371.29,263.0,260.0,1.01,False,,low,size_prior,0.4263,1,2.1,
Food_08_side_right_spoon,custom,custom,deep-learning,none,side_right,spoon,True,84.09,83.26,263.0,260.0,1.01,False,,,,,0,2.0,
Food_08_tilt_fork,custom,custom,monocular-geometric,utensil_nlp,tilt,fork,True,589.8,546.11,263.0,260.0,1.01,False,,low,utensil,0.6994,1,2.3,
Food_08_tilt_fork,custom,custom,monocular-geometric,utensil_notext,tilt,fork,True,549.15,543.71,263.0,260.0,1.01,False,,low,utensil,0.6994,1,1.6,
Food_08_tilt_fork,custom,custom,monocular-geometric,sizeprior_nlp,tilt,fork,True,416.7,385.83,263.0,260.0,1.01,False,,low,size_prior,0.623,1,2.0,
Food_08_tilt_fork,custom,custom,monocular-geometric,sizeprior_notext,tilt,fork,True,390.59,386.72,263.0,260.0,1.01,False,,low,size_prior,0.6243,1,2.2,
Food_08_tilt_fork,custom,custom,deep-learning,none,tilt,fork,True,95.3,94.36,263.0,260.0,1.01,False,,,,,0,2.1,
Food_08_tilt_knife,custom,custom,monocular-geometric,utensil_nlp,tilt,knife,True,877.7,812.69,263.0,260.0,1.01,False,,low,utensil,0.8014,1,2.2,
Food_08_tilt_knife,custom,custom,monocular-geometric,utensil_notext,tilt,knife,True,822.85,814.7,263.0,260.0,1.01,False,,low,utensil,0.8014,1,1.7,
Food_08_tilt_knife,custom,custom,monocular-geometric,sizeprior_nlp,tilt,knife,True,687.4,636.47,263.0,260.0,1.01,False,,low,size_prior,0.739,1,2.0,
Food_08_tilt_knife,custom,custom,monocular-geometric,sizeprior_notext,tilt,knife,True,642.03,635.67,263.0,260.0,1.01,False,,low,size_prior,0.7381,1,2.2,
Food_08_tilt_knife,custom,custom,deep-learning,none,tilt,knife,True,94.44,93.5,263.0,260.0,1.01,False,,,,,0,2.1,
Food_08_tilt_spoon,custom,custom,monocular-geometric,utensil_nlp,tilt,spoon,True,806.0,746.29,263.0,260.0,1.01,False,,low,utensil,0.8393,1,2.2,
Food_08_tilt_spoon,custom,custom,monocular-geometric,utensil_notext,tilt,spoon,True,753.36,745.9,263.0,260.0,1.01,False,,low,utensil,0.8393,1,1.6,
Food_08_tilt_spoon,custom,custom,monocular-geometric,sizeprior_nlp,tilt,spoon,True,373.9,346.2,263.0,260.0,1.01,False,,low,size_prior,0.6501,1,2.1,
Food_08_tilt_spoon,custom,custom,monocular-geometric,sizeprior_notext,tilt,spoon,True,350.05,346.58,263.0,260.0,1.01,False,,low,size_prior,0.6503,1,2.2,
Food_08_tilt_spoon,custom,custom,deep-learning,none,tilt,spoon,True,104.72,103.68,263.0,260.0,1.01,False,,,,,0,2.1,
Food_08_mv_fork,custom,custom,multi-view,utensil_notext,multiview,fork,True,597.02,591.11,263.0,260.0,1.01,False,,,utensil,,0,12.9,
Food_08_mv_fork,custom,custom,multi-view,sizeprior_notext,multiview,fork,True,191.45,189.55,263.0,260.0,1.01,False,,,size_prior,,0,13.1,
Food_08_mv_knife,custom,custom,multi-view,utensil_notext,multiview,knife,True,281.49,278.7,263.0,260.0,1.01,False,,,utensil,,0,12.7,
Food_08_mv_knife,custom,custom,multi-view,sizeprior_notext,multiview,knife,True,104.64,103.6,263.0,260.0,1.01,False,,,size_prior,,0,12.8,
Food_08_mv_spoon,custom,custom,multi-view,utensil_notext,multiview,spoon,True,764.72,757.15,263.0,260.0,1.01,False,,,utensil,,0,12.6,
Food_08_mv_spoon,custom,custom,multi-view,sizeprior_notext,multiview,spoon,True,158.43,156.86,263.0,260.0,1.01,False,,,size_prior,,0,12.7,
Food_09_overhead_fork,custom,custom,monocular-geometric,utensil_nlp,overhead,fork,True,0.0,0.01,50.0,53.0,0.94,False,,low,utensil,0.6244,1,2.2,
Food_09_overhead_fork,custom,custom,monocular-geometric,utensil_notext,overhead,fork,True,359.56,382.51,50.0,53.0,0.94,False,,high,utensil,0.6244,1,1.6,
Food_09_overhead_fork,custom,custom,monocular-geometric,sizeprior_nlp,overhead,fork,True,0.0,0.01,50.0,53.0,0.94,False,,low,size_prior,1.1274,1,2.0,
Food_09_overhead_fork,custom,custom,monocular-geometric,sizeprior_notext,overhead,fork,True,240.23,255.56,50.0,53.0,0.94,False,,high,size_prior,0.5454,1,2.1,
Food_09_overhead_fork,custom,custom,deep-learning,none,overhead,fork,True,86.53,92.05,50.0,53.0,0.94,False,,,,,0,1.9,
Food_09_overhead_knife,custom,custom,monocular-geometric,utensil_nlp,overhead,knife,True,384.11,408.63,50.0,53.0,0.94,False,,high,utensil,0.6836,1,2.5,
Food_09_overhead_knife,custom,custom,monocular-geometric,utensil_notext,overhead,knife,True,384.11,408.63,50.0,53.0,0.94,False,,high,utensil,0.6836,1,1.6,
Food_09_overhead_knife,custom,custom,monocular-geometric,sizeprior_nlp,overhead,knife,True,312.78,332.75,50.0,53.0,0.94,False,,high,size_prior,0.6384,1,2.2,
Food_09_overhead_knife,custom,custom,monocular-geometric,sizeprior_notext,overhead,knife,True,312.78,332.75,50.0,53.0,0.94,False,,high,size_prior,0.6384,1,2.2,
Food_09_overhead_knife,custom,custom,deep-learning,none,overhead,knife,True,97.1,103.3,50.0,53.0,0.94,False,,,,,0,2.0,
Food_09_overhead_spoon,custom,custom,monocular-geometric,utensil_nlp,overhead,spoon,True,515.23,548.12,50.0,53.0,0.94,False,,high,utensil,0.7393,1,2.3,
Food_09_overhead_spoon,custom,custom,monocular-geometric,utensil_notext,overhead,spoon,True,515.23,548.12,50.0,53.0,0.94,False,,high,utensil,0.7393,1,1.6,
Food_09_overhead_spoon,custom,custom,monocular-geometric,sizeprior_nlp,overhead,spoon,True,278.49,296.27,50.0,53.0,0.94,False,,high,size_prior,0.6016,1,2.2,
Food_09_overhead_spoon,custom,custom,monocular-geometric,sizeprior_notext,overhead,spoon,True,278.49,296.27,50.0,53.0,0.94,False,,high,size_prior,0.6016,1,2.1,
Food_09_overhead_spoon,custom,custom,deep-learning,none,overhead,spoon,True,88.67,94.33,50.0,53.0,0.94,False,,,,,0,1.9,
Food_09_side_left_fork,custom,custom,monocular-geometric,utensil_nlp,side_left,fork,True,525.78,559.34,50.0,53.0,0.94,False,,low,utensil,0.7806,1,2.5,
Food_09_side_left_fork,custom,custom,monocular-geometric,utensil_notext,side_left,fork,True,525.78,559.34,50.0,53.0,0.94,False,,low,utensil,0.7806,1,1.6,
Food_09_side_left_fork,custom,custom,monocular-geometric,sizeprior_nlp,side_left,fork,True,412.42,438.75,50.0,53.0,0.94,False,,low,size_prior,0.72,1,2.3,
Food_09_side_left_fork,custom,custom,monocular-geometric,sizeprior_notext,side_left,fork,True,412.42,438.75,50.0,53.0,0.94,False,,low,size_prior,0.72,1,2.2,
Food_09_side_left_fork,custom,custom,deep-learning,none,side_left,fork,True,101.72,108.21,50.0,53.0,0.94,False,,,,,0,2.1,
Food_09_side_left_knife,custom,custom,monocular-geometric,utensil_nlp,side_left,knife,True,633.54,673.98,50.0,53.0,0.94,False,,low,utensil,0.8952,1,2.3,
Food_09_side_left_knife,custom,custom,monocular-geometric,utensil_notext,side_left,knife,True,633.54,673.98,50.0,53.0,0.94,False,,low,utensil,0.8952,1,1.5,
Food_09_side_left_knife,custom,custom,monocular-geometric,sizeprior_nlp,side_left,knife,True,284.12,302.25,50.0,53.0,0.94,False,,low,size_prior,0.6855,1,2.2,
Food_09_side_left_knife,custom,custom,monocular-geometric,sizeprior_notext,side_left,knife,True,284.12,302.25,50.0,53.0,0.94,False,,low,size_prior,0.6855,1,2.1,
Food_09_side_left_knife,custom,custom,deep-learning,none,side_left,knife,True,82.94,88.23,50.0,53.0,0.94,False,,,,,0,2.1,
Food_09_side_left_spoon,custom,custom,monocular-geometric,utensil_nlp,side_left,spoon,True,805.2,856.6,50.0,53.0,0.94,False,,medium,utensil,0.9639,1,2.3,
Food_09_side_left_spoon,custom,custom,monocular-geometric,utensil_notext,side_left,spoon,True,805.2,856.6,50.0,53.0,0.94,False,,medium,utensil,0.9639,1,1.6,
Food_09_side_left_spoon,custom,custom,monocular-geometric,sizeprior_nlp,side_left,spoon,True,366.38,389.77,50.0,53.0,0.94,False,,medium,size_prior,0.7423,1,2.2,
Food_09_side_left_spoon,custom,custom,monocular-geometric,sizeprior_notext,side_left,spoon,True,366.38,389.77,50.0,53.0,0.94,False,,medium,size_prior,0.7423,1,2.2,
Food_09_side_left_spoon,custom,custom,deep-learning,none,side_left,spoon,True,100.26,106.66,50.0,53.0,0.94,False,,,,,0,2.0,
Food_09_side_right_fork,custom,custom,monocular-geometric,utensil_nlp,side_right,fork,True,628.68,668.81,50.0,53.0,0.94,False,,low,utensil,0.6271,1,2.4,
Food_09_side_right_fork,custom,custom,monocular-geometric,utensil_notext,side_right,fork,True,628.68,668.81,50.0,53.0,0.94,False,,low,utensil,0.6271,1,1.6,
Food_09_side_right_fork,custom,custom,monocular-geometric,sizeprior_nlp,side_right,fork,True,448.5,477.13,50.0,53.0,0.94,False,,low,size_prior,0.5604,1,2.3,
Food_09_side_right_fork,custom,custom,monocular-geometric,sizeprior_notext,side_right,fork,True,448.5,477.13,50.0,53.0,0.94,False,,low,size_prior,0.5604,1,2.2,
Food_09_side_right_fork,custom,custom,deep-learning,none,side_right,fork,True,107.56,114.43,50.0,53.0,0.94,False,,,,,0,2.1,
Food_09_side_right_knife,custom,custom,monocular-geometric,utensil_nlp,side_right,knife,True,0.1,0.08,50.0,53.0,0.94,False,,low,utensil,0.6596,1,2.3,
Food_09_side_right_knife,custom,custom,monocular-geometric,utensil_notext,side_right,knife,True,511.83,544.5,50.0,53.0,0.94,False,,high,utensil,0.6596,1,1.7,
Food_09_side_right_knife,custom,custom,monocular-geometric,sizeprior_nlp,side_right,knife,True,0.1,0.14,50.0,53.0,0.94,False,,low,size_prior,1.6565,1,1.9,
Food_09_side_right_knife,custom,custom,monocular-geometric,sizeprior_notext,side_right,knife,True,389.03,413.86,50.0,53.0,0.94,False,,high,size_prior,0.6021,1,2.2,
Food_09_side_right_knife,custom,custom,deep-learning,none,side_right,knife,True,100.17,106.56,50.0,53.0,0.94,False,,,,,0,2.0,
Food_09_side_right_spoon,custom,custom,monocular-geometric,utensil_nlp,side_right,spoon,True,837.16,890.6,50.0,53.0,0.94,False,,medium,utensil,0.7719,1,2.4,
Food_09_side_right_spoon,custom,custom,monocular-geometric,utensil_notext,side_right,spoon,True,837.16,890.6,50.0,53.0,0.94,False,,medium,utensil,0.7719,1,1.6,
Food_09_side_right_spoon,custom,custom,monocular-geometric,sizeprior_nlp,side_right,spoon,True,275.37,292.95,50.0,53.0,0.94,False,,medium,size_prior,0.533,1,2.2,
Food_09_side_right_spoon,custom,custom,monocular-geometric,sizeprior_notext,side_right,spoon,True,275.37,292.95,50.0,53.0,0.94,False,,medium,size_prior,0.533,1,2.2,
Food_09_side_right_spoon,custom,custom,deep-learning,none,side_right,spoon,True,116.45,123.88,50.0,53.0,0.94,False,,,,,0,2.1,
Food_09_tilt_fork,custom,custom,monocular-geometric,utensil_nlp,tilt,fork,True,717.86,763.68,50.0,53.0,0.94,False,,medium,utensil,0.9068,1,2.3,
Food_09_tilt_fork,custom,custom,monocular-geometric,utensil_notext,tilt,fork,True,717.86,763.68,50.0,53.0,0.94,False,,medium,utensil,0.9068,1,1.6,
Food_09_tilt_fork,custom,custom,monocular-geometric,sizeprior_nlp,tilt,fork,True,373.77,397.63,50.0,53.0,0.94,False,,medium,size_prior,0.7298,1,2.2,
Food_09_tilt_fork,custom,custom,monocular-geometric,sizeprior_notext,tilt,fork,True,373.77,397.63,50.0,53.0,0.94,False,,medium,size_prior,0.7298,1,2.1,
Food_09_tilt_fork,custom,custom,deep-learning,none,tilt,fork,True,83.88,89.23,50.0,53.0,0.94,False,,,,,0,2.1,
Food_09_tilt_knife,custom,custom,monocular-geometric,utensil_nlp,tilt,knife,True,748.4,796.17,50.0,53.0,0.94,False,,high,utensil,1.0294,1,2.3,
Food_09_tilt_knife,custom,custom,monocular-geometric,utensil_notext,tilt,knife,True,748.4,796.17,50.0,53.0,0.94,False,,high,utensil,1.0294,1,1.6,
Food_09_tilt_knife,custom,custom,monocular-geometric,sizeprior_nlp,tilt,knife,True,285.86,304.11,50.0,53.0,0.94,False,,high,size_prior,0.7479,1,2.3,
Food_09_tilt_knife,custom,custom,monocular-geometric,sizeprior_notext,tilt,knife,True,285.86,304.11,50.0,53.0,0.94,False,,high,size_prior,0.7479,1,2.2,
Food_09_tilt_knife,custom,custom,deep-learning,none,tilt,knife,True,92.76,98.68,50.0,53.0,0.94,False,,,,,0,2.1,
Food_09_tilt_spoon,custom,custom,monocular-geometric,utensil_nlp,tilt,spoon,True,1050.37,1117.41,50.0,53.0,0.94,False,,low,utensil,0.9752,1,2.4,
Food_09_tilt_spoon,custom,custom,monocular-geometric,utensil_notext,tilt,spoon,True,1050.37,1117.41,50.0,53.0,0.94,False,,low,utensil,0.9752,1,1.6,
Food_09_tilt_spoon,custom,custom,monocular-geometric,sizeprior_nlp,tilt,spoon,True,401.65,427.29,50.0,53.0,0.94,False,,low,size_prior,0.7081,1,2.3,
Food_09_tilt_spoon,custom,custom,monocular-geometric,sizeprior_notext,tilt,spoon,True,401.65,427.29,50.0,53.0,0.94,False,,low,size_prior,0.7081,1,2.2,
Food_09_tilt_spoon,custom,custom,deep-learning,none,tilt,spoon,True,88.16,93.79,50.0,53.0,0.94,False,,,,,0,2.1,
Food_09_mv_fork,custom,custom,multi-view,utensil_notext,multiview,fork,True,110.56,117.62,50.0,53.0,0.94,False,,,utensil,,0,12.9,
Food_09_mv_fork,custom,custom,multi-view,sizeprior_notext,multiview,fork,True,38.6,41.06,50.0,53.0,0.94,False,,,size_prior,,0,13.2,
Food_09_mv_knife,custom,custom,multi-view,utensil_notext,multiview,knife,True,211.86,225.38,50.0,53.0,0.94,False,,,utensil,,0,13.2,
Food_09_mv_knife,custom,custom,multi-view,sizeprior_notext,multiview,knife,True,61.02,64.92,50.0,53.0,0.94,False,,,size_prior,,0,13.2,
Food_09_mv_spoon,custom,custom,multi-view,utensil_notext,multiview,spoon,True,172.95,183.99,50.0,53.0,0.94,False,,,utensil,,0,12.8,
Food_09_mv_spoon,custom,custom,multi-view,sizeprior_notext,multiview,spoon,True,41.27,43.9,50.0,53.0,0.94,False,,,size_prior,,0,13.0,
Food_10_overhead_fork,custom,custom,monocular-geometric,utensil_nlp,overhead,fork,True,60.3,301.69,100.0,263.0,0.38,False,,high,utensil,0.7422,1,2.4,
Food_10_overhead_fork,custom,custom,monocular-geometric,utensil_notext,overhead,fork,True,114.58,301.52,100.0,263.0,0.38,False,,high,utensil,0.7422,1,1.7,
Food_10_overhead_fork,custom,custom,monocular-geometric,sizeprior_nlp,overhead,fork,True,86.0,430.07,100.0,263.0,0.38,False,,high,size_prior,0.8355,1,2.1,
Food_10_overhead_fork,custom,custom,monocular-geometric,sizeprior_notext,overhead,fork,True,163.67,430.72,100.0,263.0,0.38,False,,high,size_prior,0.8354,1,2.1,
Food_10_overhead_fork,custom,custom,deep-learning,none,overhead,fork,True,124.95,328.82,100.0,263.0,0.38,False,,,,,0,2.0,
Food_10_overhead_knife,custom,custom,monocular-geometric,utensil_nlp,overhead,knife,True,71.1,355.47,100.0,263.0,0.38,False,,high,utensil,0.7417,1,2.2,
Food_10_overhead_knife,custom,custom,monocular-geometric,utensil_notext,overhead,knife,True,135.21,355.82,100.0,263.0,0.38,False,,high,utensil,0.7417,1,1.6,
Food_10_overhead_knife,custom,custom,monocular-geometric,sizeprior_nlp,overhead,knife,True,102.8,513.9,100.0,263.0,0.38,False,,high,size_prior,0.8393,1,2.0,
Food_10_overhead_knife,custom,custom,monocular-geometric,sizeprior_notext,overhead,knife,True,195.73,515.09,100.0,263.0,0.38,False,,high,size_prior,0.8392,1,2.1,
Food_10_overhead_knife,custom,custom,deep-learning,none,overhead,knife,True,131.83,346.92,100.0,263.0,0.38,False,,,,,0,2.0,
Food_10_overhead_spoon,custom,custom,monocular-geometric,utensil_nlp,overhead,spoon,True,82.4,412.16,100.0,263.0,0.38,False,,high,utensil,0.8554,1,2.2,
Food_10_overhead_spoon,custom,custom,monocular-geometric,utensil_notext,overhead,spoon,True,156.77,412.56,100.0,263.0,0.38,False,,high,utensil,0.8554,1,1.7,
Food_10_overhead_spoon,custom,custom,monocular-geometric,sizeprior_nlp,overhead,spoon,True,61.1,305.56,100.0,263.0,0.38,False,,high,size_prior,0.7744,1,2.1,
Food_10_overhead_spoon,custom,custom,monocular-geometric,sizeprior_notext,overhead,spoon,True,116.23,305.86,100.0,263.0,0.38,False,,high,size_prior,0.7742,1,2.2,
Food_10_overhead_spoon,custom,custom,deep-learning,none,overhead,spoon,True,132.13,347.71,100.0,263.0,0.38,False,,,,,0,2.1,
Food_10_side_left_fork,custom,custom,monocular-geometric,utensil_nlp,side_left,fork,True,42.3,211.29,100.0,263.0,0.38,False,,medium,utensil,0.8203,1,2.2,
Food_10_side_left_fork,custom,custom,monocular-geometric,utensil_notext,side_left,fork,True,80.29,211.3,100.0,263.0,0.38,False,,medium,utensil,0.8203,1,1.6,
Food_10_side_left_fork,custom,custom,monocular-geometric,sizeprior_nlp,side_left,fork,True,69.0,344.97,100.0,263.0,0.38,False,,medium,size_prior,0.9654,1,2.1,
Food_10_side_left_fork,custom,custom,monocular-geometric,sizeprior_notext,side_left,fork,True,131.18,345.21,100.0,263.0,0.38,False,,medium,size_prior,0.9653,1,2.2,
Food_10_side_left_fork,custom,custom,deep-learning,none,side_left,fork,True,121.76,320.42,100.0,263.0,0.38,False,,,,,0,2.1,
Food_10_side_left_knife,custom,custom,monocular-geometric,utensil_nlp,side_left,knife,True,54.1,270.57,100.0,263.0,0.38,False,,low,utensil,0.9332,1,2.2,
Food_10_side_left_knife,custom,custom,monocular-geometric,utensil_notext,side_left,knife,True,102.79,270.51,100.0,263.0,0.38,False,,low,utensil,0.9332,1,1.6,
Food_10_side_left_knife,custom,custom,monocular-geometric,sizeprior_nlp,side_left,knife,True,43.4,216.78,100.0,263.0,0.38,False,,low,size_prior,0.867,1,2.0,
Food_10_side_left_knife,custom,custom,monocular-geometric,sizeprior_notext,side_left,knife,True,82.42,216.9,100.0,263.0,0.38,False,,low,size_prior,0.8671,1,2.2,
Food_10_side_left_knife,custom,custom,deep-learning,none,side_left,knife,True,131.7,346.58,100.0,263.0,0.38,False,,,,,0,2.1,
Food_10_side_left_spoon,custom,custom,monocular-geometric,utensil_nlp,side_left,spoon,True,53.4,266.89,100.0,263.0,0.38,False,,medium,utensil,0.9093,1,2.2,
Food_10_side_left_spoon,custom,custom,monocular-geometric,utensil_notext,side_left,spoon,True,101.4,266.85,100.0,263.0,0.38,False,,medium,utensil,0.9093,1,1.6,
Food_10_side_left_spoon,custom,custom,monocular-geometric,sizeprior_nlp,side_left,spoon,True,51.0,255.04,100.0,263.0,0.38,False,,medium,size_prior,0.8956,1,2.1,
Food_10_side_left_spoon,custom,custom,monocular-geometric,sizeprior_notext,side_left,spoon,True,96.88,254.94,100.0,263.0,0.38,False,,medium,size_prior,0.8955,1,2.2,
Food_10_side_left_spoon,custom,custom,deep-learning,none,side_left,spoon,True,147.39,387.87,100.0,263.0,0.38,False,,,,,0,2.1,
Food_10_side_right_fork,custom,custom,monocular-geometric,utensil_nlp,side_right,fork,True,50.9,254.67,100.0,263.0,0.38,False,,high,utensil,0.8423,1,2.2,
Food_10_side_right_fork,custom,custom,monocular-geometric,utensil_notext,side_right,fork,True,96.57,254.14,100.0,263.0,0.38,False,,high,utensil,0.8423,1,1.7,
Food_10_side_right_fork,custom,custom,monocular-geometric,sizeprior_nlp,side_right,fork,True,37.6,188.1,100.0,263.0,0.38,False,,high,size_prior,0.7622,1,2.1,
Food_10_side_right_fork,custom,custom,monocular-geometric,sizeprior_notext,side_right,fork,True,71.47,188.07,100.0,263.0,0.38,False,,high,size_prior,0.7622,1,2.2,
Food_10_side_right_fork,custom,custom,deep-learning,none,side_right,fork,True,100.05,263.29,100.0,263.0,0.38,False,,,,,0,2.0,
Food_10_side_right_knife,custom,custom,monocular-geometric,utensil_nlp,side_right,knife,True,57.0,285.23,100.0,263.0,0.38,False,,high,utensil,0.9046,1,2.3,
Food_10_side_right_knife,custom,custom,monocular-geometric,utensil_notext,side_right,knife,True,108.4,285.27,100.0,263.0,0.38,False,,high,utensil,0.9046,1,1.6,
Food_10_side_right_knife,custom,custom,monocular-geometric,sizeprior_nlp,side_right,knife,True,50.3,251.39,100.0,263.0,0.38,False,,high,size_prior,0.8673,1,2.1,
Food_10_side_right_knife,custom,custom,monocular-geometric,sizeprior_notext,side_right,knife,True,95.46,251.22,100.0,263.0,0.38,False,,high,size_prior,0.8671,1,2.2,
Food_10_side_right_knife,custom,custom,deep-learning,none,side_right,knife,True,98.55,259.34,100.0,263.0,0.38,False,,,,,0,2.1,
Food_10_side_right_spoon,custom,custom,monocular-geometric,utensil_nlp,side_right,spoon,True,74.6,372.9,100.0,263.0,0.38,False,,high,utensil,0.9357,1,2.2,
Food_10_side_right_spoon,custom,custom,monocular-geometric,utensil_notext,side_right,spoon,True,141.67,372.82,100.0,263.0,0.38,False,,high,utensil,0.9357,1,1.6,
Food_10_side_right_spoon,custom,custom,monocular-geometric,sizeprior_nlp,side_right,spoon,True,35.8,178.9,100.0,263.0,0.38,False,,high,size_prior,0.733,1,2.1,
Food_10_side_right_spoon,custom,custom,monocular-geometric,sizeprior_notext,side_right,spoon,True,67.8,178.42,100.0,263.0,0.38,False,,high,size_prior,0.7326,1,2.1,
Food_10_side_right_spoon,custom,custom,deep-learning,none,side_right,spoon,True,111.32,292.95,100.0,263.0,0.38,False,,,,,0,2.0,
Food_10_tilt_fork,custom,custom,monocular-geometric,utensil_nlp,tilt,fork,True,43.1,215.33,100.0,263.0,0.38,False,,medium,utensil,0.8408,1,2.2,
Food_10_tilt_fork,custom,custom,monocular-geometric,utensil_notext,tilt,fork,True,81.7,215.0,100.0,263.0,0.38,False,,medium,utensil,0.8408,1,1.6,
Food_10_tilt_fork,custom,custom,monocular-geometric,sizeprior_nlp,tilt,fork,True,51.6,257.88,100.0,263.0,0.38,False,,medium,size_prior,0.8929,1,2.1,
Food_10_tilt_fork,custom,custom,monocular-geometric,sizeprior_notext,tilt,fork,True,97.75,257.25,100.0,263.0,0.38,False,,medium,size_prior,0.8928,1,2.1,
Food_10_tilt_fork,custom,custom,deep-learning,none,tilt,fork,True,129.3,340.26,100.0,263.0,0.38,False,,,,,0,2.1,
Food_10_tilt_knife,custom,custom,monocular-geometric,utensil_nlp,tilt,knife,True,75.6,378.23,100.0,263.0,0.38,False,,high,utensil,0.9231,1,2.2,
Food_10_tilt_knife,custom,custom,monocular-geometric,utensil_notext,tilt,knife,True,144.59,380.49,100.0,263.0,0.38,False,,high,utensil,0.9231,1,1.6,
Food_10_tilt_knife,custom,custom,monocular-geometric,sizeprior_nlp,tilt,knife,True,73.7,368.28,100.0,263.0,0.38,False,,high,size_prior,0.9121,1,2.1,
Food_10_tilt_knife,custom,custom,monocular-geometric,sizeprior_notext,tilt,knife,True,139.16,366.2,100.0,263.0,0.38,False,,high,size_prior,0.9114,1,2.1,
Food_10_tilt_knife,custom,custom,deep-learning,none,tilt,knife,True,126.85,333.82,100.0,263.0,0.38,False,,,,,0,2.0,
Food_10_tilt_spoon,custom,custom,monocular-geometric,utensil_nlp,tilt,spoon,True,65.2,325.94,100.0,263.0,0.38,False,,medium,utensil,0.9382,1,2.2,
Food_10_tilt_spoon,custom,custom,monocular-geometric,utensil_notext,tilt,spoon,True,123.71,325.54,100.0,263.0,0.38,False,,medium,utensil,0.9382,1,1.6,
Food_10_tilt_spoon,custom,custom,monocular-geometric,sizeprior_nlp,tilt,spoon,True,65.0,325.17,100.0,263.0,0.38,False,,medium,size_prior,0.9375,1,2.1,
Food_10_tilt_spoon,custom,custom,monocular-geometric,sizeprior_notext,tilt,spoon,True,123.2,324.21,100.0,263.0,0.38,False,,medium,size_prior,0.9369,1,2.1,
Food_10_tilt_spoon,custom,custom,deep-learning,none,tilt,spoon,True,132.22,347.95,100.0,263.0,0.38,False,,,,,0,2.0,
Food_10_mv_fork,custom,custom,multi-view,utensil_notext,multiview,fork,True,130.0,342.11,100.0,263.0,0.38,False,,,utensil,,0,12.4,
Food_10_mv_fork,custom,custom,multi-view,sizeprior_notext,multiview,fork,True,71.7,188.69,100.0,263.0,0.38,False,,,size_prior,,0,12.8,
Food_10_mv_knife,custom,custom,multi-view,utensil_notext,multiview,knife,True,139.25,366.45,100.0,263.0,0.38,False,,,utensil,,0,12.6,
Food_10_mv_knife,custom,custom,multi-view,sizeprior_notext,multiview,knife,True,71.76,188.85,100.0,263.0,0.38,False,,,size_prior,,0,13.0,
Food_10_mv_spoon,custom,custom,multi-view,utensil_notext,multiview,spoon,True,159.17,418.87,100.0,263.0,0.38,False,,,utensil,,0,12.2,
Food_10_mv_spoon,custom,custom,multi-view,sizeprior_notext,multiview,spoon,True,69.33,182.45,100.0,263.0,0.38,False,,,size_prior,,0,12.7,
Food_11_overhead_fork,custom,custom,monocular-geometric,utensil_nlp,overhead,fork,True,94.25,149.61,70.0,111.0,0.63,False,,high,utensil,0.611,1,2.6,
Food_11_overhead_fork,custom,custom,monocular-geometric,utensil_notext,overhead,fork,True,94.25,149.61,70.0,111.0,0.63,False,,high,utensil,0.611,1,1.8,
Food_11_overhead_fork,custom,custom,monocular-geometric,sizeprior_nlp,overhead,fork,True,49.49,78.55,70.0,111.0,0.63,False,,high,size_prior,0.4931,1,2.4,
Food_11_overhead_fork,custom,custom,monocular-geometric,sizeprior_notext,overhead,fork,True,49.49,78.55,70.0,111.0,0.63,False,,high,size_prior,0.4931,1,2.3,
Food_11_overhead_fork,custom,custom,deep-learning,none,overhead,fork,True,145.17,230.43,70.0,111.0,0.63,False,,,,,0,2.1,
Food_11_overhead_knife,custom,custom,monocular-geometric,utensil_nlp,overhead,knife,True,111.75,177.38,70.0,111.0,0.63,False,,high,utensil,0.6239,1,2.5,
Food_11_overhead_knife,custom,custom,monocular-geometric,utensil_notext,overhead,knife,True,111.75,177.38,70.0,111.0,0.63,False,,high,utensil,0.6239,1,1.7,
Food_11_overhead_knife,custom,custom,monocular-geometric,sizeprior_nlp,overhead,knife,True,69.21,109.85,70.0,111.0,0.63,False,,high,size_prior,0.5321,1,2.3,
Food_11_overhead_knife,custom,custom,monocular-geometric,sizeprior_notext,overhead,knife,True,69.21,109.85,70.0,111.0,0.63,False,,high,size_prior,0.5321,1,2.2,
Food_11_overhead_knife,custom,custom,deep-learning,none,overhead,knife,True,154.97,245.98,70.0,111.0,0.63,False,,,,,0,2.0,
Food_11_overhead_spoon,custom,custom,monocular-geometric,utensil_nlp,overhead,spoon,True,109.36,173.59,70.0,111.0,0.63,False,,high,utensil,0.6941,1,2.5,
Food_11_overhead_spoon,custom,custom,monocular-geometric,utensil_notext,overhead,spoon,True,109.36,173.59,70.0,111.0,0.63,False,,high,utensil,0.6941,1,1.7,
Food_11_overhead_spoon,custom,custom,monocular-geometric,sizeprior_nlp,overhead,spoon,True,48.72,77.34,70.0,111.0,0.63,False,,high,size_prior,0.5302,1,2.4,
Food_11_overhead_spoon,custom,custom,monocular-geometric,sizeprior_notext,overhead,spoon,True,48.72,77.34,70.0,111.0,0.63,False,,high,size_prior,0.5302,1,2.3,
Food_11_overhead_spoon,custom,custom,deep-learning,none,overhead,spoon,True,153.72,244.0,70.0,111.0,0.63,False,,,,,0,2.1,
Food_11_side_left_fork,custom,custom,monocular-geometric,utensil_nlp,side_left,fork,True,74.59,118.39,70.0,111.0,0.63,False,,low,utensil,0.7616,1,2.5,
Food_11_side_left_fork,custom,custom,monocular-geometric,utensil_notext,side_left,fork,True,74.59,118.39,70.0,111.0,0.63,False,,low,utensil,0.7616,1,1.7,
Food_11_side_left_fork,custom,custom,monocular-geometric,sizeprior_nlp,side_left,fork,True,39.78,63.15,70.0,111.0,0.63,False,,low,size_prior,0.6179,1,2.3,
Food_11_side_left_fork,custom,custom,monocular-geometric,sizeprior_notext,side_left,fork,True,39.78,63.15,70.0,111.0,0.63,False,,low,size_prior,0.6179,1,2.3,
Food_11_side_left_fork,custom,custom,deep-learning,none,side_left,fork,True,129.18,205.05,70.0,111.0,0.63,False,,,,,0,2.2,
Food_11_side_left_knife,custom,custom,monocular-geometric,utensil_nlp,side_left,knife,True,70.13,111.31,70.0,111.0,0.63,False,,medium,utensil,0.7154,1,2.6,
Food_11_side_left_knife,custom,custom,monocular-geometric,utensil_notext,side_left,knife,True,70.13,111.31,70.0,111.0,0.63,False,,medium,utensil,0.7154,1,1.7,
Food_11_side_left_knife,custom,custom,monocular-geometric,sizeprior_nlp,side_left,knife,True,59.8,94.92,70.0,111.0,0.63,False,,medium,size_prior,0.6784,1,2.4,
Food_11_side_left_knife,custom,custom,monocular-geometric,sizeprior_notext,side_left,knife,True,59.8,94.92,70.0,111.0,0.63,False,,medium,size_prior,0.6784,1,2.3,
Food_11_side_left_knife,custom,custom,deep-learning,none,side_left,knife,True,123.14,195.46,70.0,111.0,0.63,False,,,,,0,2.2,
Food_11_side_left_spoon,custom,custom,monocular-geometric,utensil_nlp,side_left,spoon,True,108.3,127.44,70.0,111.0,0.63,False,,low,utensil,0.8784,1,2.3,
Food_11_side_left_spoon,custom,custom,monocular-geometric,utensil_notext,side_left,spoon,True,80.89,128.4,70.0,111.0,0.63,False,,low,utensil,0.8784,1,1.7,
Food_11_side_left_spoon,custom,custom,monocular-geometric,sizeprior_nlp,side_left,spoon,True,36.2,42.63,70.0,111.0,0.63,False,,low,size_prior,0.6073,1,2.3,
Food_11_side_left_spoon,custom,custom,monocular-geometric,sizeprior_notext,side_left,spoon,True,27.19,43.16,70.0,111.0,0.63,False,,low,size_prior,0.6087,1,2.3,
Food_11_side_left_spoon,custom,custom,deep-learning,none,side_left,spoon,True,120.95,191.98,70.0,111.0,0.63,False,,,,,0,2.2,
Food_11_side_right_fork,custom,custom,monocular-geometric,utensil_nlp,side_right,fork,True,84.98,134.89,70.0,111.0,0.63,False,,high,utensil,0.5732,1,2.4,
Food_11_side_right_fork,custom,custom,monocular-geometric,utensil_notext,side_right,fork,True,84.98,134.89,70.0,111.0,0.63,False,,high,utensil,0.5732,1,1.6,
Food_11_side_right_fork,custom,custom,monocular-geometric,sizeprior_nlp,side_right,fork,True,40.5,64.28,70.0,111.0,0.63,False,,high,size_prior,0.4348,1,2.3,
Food_11_side_right_fork,custom,custom,monocular-geometric,sizeprior_notext,side_right,fork,True,40.5,64.28,70.0,111.0,0.63,False,,high,size_prior,0.4348,1,2.2,
Food_11_side_right_fork,custom,custom,deep-learning,none,side_right,fork,True,122.5,194.44,70.0,111.0,0.63,False,,,,,0,2.0,
Food_11_side_right_knife,custom,custom,monocular-geometric,utensil_nlp,side_right,knife,True,102.94,163.4,70.0,111.0,0.63,False,,medium,utensil,0.6143,1,2.5,
Food_11_side_right_knife,custom,custom,monocular-geometric,utensil_notext,side_right,knife,True,102.94,163.4,70.0,111.0,0.63,False,,medium,utensil,0.6143,1,1.7,
Food_11_side_right_knife,custom,custom,monocular-geometric,sizeprior_nlp,side_right,knife,True,58.39,92.69,70.0,111.0,0.63,False,,medium,size_prior,0.5094,1,2.3,
Food_11_side_right_knife,custom,custom,monocular-geometric,sizeprior_notext,side_right,knife,True,58.39,92.69,70.0,111.0,0.63,False,,medium,size_prior,0.5094,1,2.2,
Food_11_side_right_knife,custom,custom,deep-learning,none,side_right,knife,True,117.72,186.86,70.0,111.0,0.63,False,,,,,0,2.0,
Food_11_side_right_spoon,custom,custom,monocular-geometric,utensil_nlp,side_right,spoon,True,132.56,210.41,70.0,111.0,0.63,False,,medium,utensil,0.7436,1,2.4,
Food_11_side_right_spoon,custom,custom,monocular-geometric,utensil_notext,side_right,spoon,True,132.56,210.41,70.0,111.0,0.63,False,,medium,utensil,0.7436,1,1.7,
Food_11_side_right_spoon,custom,custom,monocular-geometric,sizeprior_nlp,side_right,spoon,True,43.65,69.29,70.0,111.0,0.63,False,,medium,size_prior,0.521,1,2.3,
Food_11_side_right_spoon,custom,custom,monocular-geometric,sizeprior_notext,side_right,spoon,True,43.65,69.29,70.0,111.0,0.63,False,,medium,size_prior,0.521,1,2.2,
Food_11_side_right_spoon,custom,custom,deep-learning,none,side_right,spoon,True,104.22,165.43,70.0,111.0,0.63,False,,,,,0,2.0,
Food_11_tilt_fork,custom,custom,monocular-geometric,utensil_nlp,tilt,fork,True,78.12,124.0,70.0,111.0,0.63,False,,medium,utensil,0.7187,1,2.4,
Food_11_tilt_fork,custom,custom,monocular-geometric,utensil_notext,tilt,fork,True,78.12,124.0,70.0,111.0,0.63,False,,medium,utensil,0.7187,1,1.7,
Food_11_tilt_fork,custom,custom,monocular-geometric,sizeprior_nlp,tilt,fork,True,38.1,60.47,70.0,111.0,0.63,False,,medium,size_prior,0.568,1,2.3,
Food_11_tilt_fork,custom,custom,monocular-geometric,sizeprior_notext,tilt,fork,True,38.1,60.47,70.0,111.0,0.63,False,,medium,size_prior,0.568,1,2.2,
Food_11_tilt_fork,custom,custom,deep-learning,none,tilt,fork,True,136.31,216.37,70.0,111.0,0.63,False,,,,,0,2.1,
Food_11_tilt_knife,custom,custom,monocular-geometric,utensil_nlp,tilt,knife,True,95.48,151.56,70.0,111.0,0.63,False,,medium,utensil,0.6753,1,2.5,
Food_11_tilt_knife,custom,custom,monocular-geometric,utensil_notext,tilt,knife,True,95.48,151.56,70.0,111.0,0.63,False,,medium,utensil,0.6753,1,1.7,
Food_11_tilt_knife,custom,custom,monocular-geometric,sizeprior_nlp,tilt,knife,True,63.21,100.33,70.0,111.0,0.63,False,,medium,size_prior,0.5904,1,2.3,
Food_11_tilt_knife,custom,custom,monocular-geometric,sizeprior_notext,tilt,knife,True,63.21,100.33,70.0,111.0,0.63,False,,medium,size_prior,0.5904,1,2.2,
Food_11_tilt_knife,custom,custom,deep-learning,none,tilt,knife,True,143.96,228.51,70.0,111.0,0.63,False,,,,,0,2.0,
Food_11_tilt_spoon,custom,custom,monocular-geometric,utensil_nlp,tilt,spoon,True,97.35,154.53,70.0,111.0,0.63,False,,medium,utensil,0.7278,1,2.5,
Food_11_tilt_spoon,custom,custom,monocular-geometric,utensil_notext,tilt,spoon,True,97.35,154.53,70.0,111.0,0.63,False,,medium,utensil,0.7278,1,1.8,
Food_11_tilt_spoon,custom,custom,monocular-geometric,sizeprior_nlp,tilt,spoon,True,59.18,93.94,70.0,111.0,0.63,False,,medium,size_prior,0.617,1,2.3,
Food_11_tilt_spoon,custom,custom,monocular-geometric,sizeprior_notext,tilt,spoon,True,59.18,93.94,70.0,111.0,0.63,False,,medium,size_prior,0.617,1,2.2,
Food_11_tilt_spoon,custom,custom,deep-learning,none,tilt,spoon,True,150.99,239.67,70.0,111.0,0.63,False,,,,,0,2.2,
Food_11_mv_fork,custom,custom,multi-view,utensil_notext,multiview,fork,True,205.62,326.38,70.0,111.0,0.63,False,,,utensil,,0,13.9,
Food_11_mv_fork,custom,custom,multi-view,sizeprior_notext,multiview,fork,True,71.22,113.04,70.0,111.0,0.63,False,,,size_prior,,0,14.1,
Food_11_mv_knife,custom,custom,multi-view,utensil_notext,multiview,knife,True,214.92,341.15,70.0,111.0,0.63,False,,,utensil,,0,14.0,
Food_11_mv_knife,custom,custom,multi-view,sizeprior_notext,multiview,knife,True,116.8,185.39,70.0,111.0,0.63,False,,,size_prior,,0,14.7,
Food_11_mv_spoon,custom,custom,multi-view,utensil_notext,multiview,spoon,True,290.93,461.8,70.0,111.0,0.63,False,,,utensil,,0,13.8,
Food_11_mv_spoon,custom,custom,multi-view,sizeprior_notext,multiview,spoon,True,108.01,171.44,70.0,111.0,0.63,False,,,size_prior,,0,13.9,
Food_12_overhead_fork,custom,custom,monocular-geometric,utensil_nlp,overhead,fork,True,0.6,0.56,400.0,374.0,1.07,False,,medium,utensil,0.5412,1,2.2,
Food_12_overhead_fork,custom,custom,monocular-geometric,utensil_notext,overhead,fork,True,0.48,0.45,400.0,374.0,1.07,False,,medium,utensil,0.5412,1,1.5,
Food_12_overhead_fork,custom,custom,monocular-geometric,sizeprior_nlp,overhead,fork,True,0.5,0.47,400.0,374.0,1.07,False,,medium,size_prior,0.3933,1,1.9,
Food_12_overhead_fork,custom,custom,monocular-geometric,sizeprior_notext,overhead,fork,True,0.79,0.74,400.0,374.0,1.07,False,,medium,size_prior,0.3938,1,2.1,
Food_12_overhead_fork,custom,custom,deep-learning,none,overhead,fork,True,132.88,124.19,400.0,374.0,1.07,False,,,,,0,1.8,
Food_12_overhead_knife,custom,custom,monocular-geometric,utensil_nlp,overhead,knife,True,1.0,0.95,400.0,374.0,1.07,False,,low,utensil,0.5241,1,2.0,
Food_12_overhead_knife,custom,custom,monocular-geometric,utensil_notext,overhead,knife,True,0.87,0.81,400.0,374.0,1.07,False,,low,utensil,0.5241,1,1.5,
Food_12_overhead_knife,custom,custom,monocular-geometric,sizeprior_nlp,overhead,knife,True,0.6,0.61,400.0,374.0,1.07,False,,low,size_prior,0.4532,1,1.9,
Food_12_overhead_knife,custom,custom,monocular-geometric,sizeprior_notext,overhead,knife,True,0.61,0.57,400.0,374.0,1.07,False,,low,size_prior,0.454,1,1.9,
Food_12_overhead_knife,custom,custom,deep-learning,none,overhead,knife,True,150.34,140.5,400.0,374.0,1.07,False,,,,,0,1.9,
Food_12_overhead_spoon,custom,custom,monocular-geometric,utensil_nlp,overhead,spoon,True,2.3,2.13,400.0,374.0,1.07,False,,low,utensil,0.5974,1,2.0,
Food_12_overhead_spoon,custom,custom,monocular-geometric,utensil_notext,overhead,spoon,True,2.61,2.44,400.0,374.0,1.07,False,,low,utensil,0.5974,1,1.5,
Food_12_overhead_spoon,custom,custom,monocular-geometric,sizeprior_nlp,overhead,spoon,True,0.8,0.77,400.0,374.0,1.07,False,,low,size_prior,0.3951,1,2.0,
Food_12_overhead_spoon,custom,custom,monocular-geometric,sizeprior_notext,overhead,spoon,True,0.68,0.64,400.0,374.0,1.07,False,,low,size_prior,0.3954,1,2.1,
Food_12_overhead_spoon,custom,custom,deep-learning,none,overhead,spoon,True,168.41,157.39,400.0,374.0,1.07,False,,,,,0,1.9,
Food_12_side_left_fork,custom,custom,monocular-geometric,utensil_nlp,side_left,fork,True,0.5,0.48,400.0,374.0,1.07,False,,low,utensil,0.762,1,2.1,
Food_12_side_left_fork,custom,custom,monocular-geometric,utensil_notext,side_left,fork,True,0.61,0.57,400.0,374.0,1.07,False,,low,utensil,0.762,1,1.5,
Food_12_side_left_fork,custom,custom,monocular-geometric,sizeprior_nlp,side_left,fork,True,0.4,0.37,400.0,374.0,1.07,False,,low,size_prior,0.6217,1,2.0,
Food_12_side_left_fork,custom,custom,monocular-geometric,sizeprior_notext,side_left,fork,True,0.46,0.43,400.0,374.0,1.07,False,,low,size_prior,0.6225,1,2.1,
Food_12_side_left_fork,custom,custom,deep-learning,none,side_left,fork,True,158.54,148.17,400.0,374.0,1.07,False,,,,,0,2.0,
Food_12_side_left_knife,custom,custom,monocular-geometric,utensil_nlp,side_left,knife,True,0.6,0.59,400.0,374.0,1.07,False,,low,utensil,0.7262,1,2.1,
Food_12_side_left_knife,custom,custom,monocular-geometric,utensil_notext,side_left,knife,True,0.75,0.7,400.0,374.0,1.07,False,,low,utensil,0.7262,1,1.6,
Food_12_side_left_knife,custom,custom,monocular-geometric,sizeprior_nlp,side_left,knife,True,0.4,0.35,400.0,374.0,1.07,False,,low,size_prior,0.5882,1,1.9,
Food_12_side_left_knife,custom,custom,monocular-geometric,sizeprior_notext,side_left,knife,True,0.41,0.38,400.0,374.0,1.07,False,,low,size_prior,0.5884,1,2.1,
Food_12_side_left_knife,custom,custom,deep-learning,none,side_left,knife,True,160.48,149.98,400.0,374.0,1.07,False,,,,,0,1.9,
Food_12_side_left_spoon,custom,custom,monocular-geometric,utensil_nlp,side_left,spoon,True,0.7,0.66,400.0,374.0,1.07,False,,low,utensil,0.7674,1,2.0,
Food_12_side_left_spoon,custom,custom,monocular-geometric,utensil_notext,side_left,spoon,True,0.36,0.34,400.0,374.0,1.07,False,,low,utensil,0.7674,1,1.5,
Food_12_side_left_spoon,custom,custom,monocular-geometric,sizeprior_nlp,side_left,spoon,True,0.4,0.41,400.0,374.0,1.07,False,,low,size_prior,0.5465,1,1.9,
Food_12_side_left_spoon,custom,custom,monocular-geometric,sizeprior_notext,side_left,spoon,True,0.56,0.52,400.0,374.0,1.07,False,,low,size_prior,0.5476,1,2.1,
Food_12_side_left_spoon,custom,custom,deep-learning,none,side_left,spoon,True,148.37,138.66,400.0,374.0,1.07,False,,,,,0,2.0,
Food_12_side_right_fork,custom,custom,monocular-geometric,utensil_nlp,side_right,fork,True,3.8,3.55,400.0,374.0,1.07,False,,low,utensil,0.6758,1,2.2,
Food_12_side_right_fork,custom,custom,monocular-geometric,utensil_notext,side_right,fork,True,3.8,3.55,400.0,374.0,1.07,False,,low,utensil,0.6758,1,1.5,
Food_12_side_right_fork,custom,custom,monocular-geometric,sizeprior_nlp,side_right,fork,True,2.92,2.73,400.0,374.0,1.07,False,,low,size_prior,0.5172,1,2.1,
Food_12_side_right_fork,custom,custom,monocular-geometric,sizeprior_notext,side_right,fork,True,2.92,2.73,400.0,374.0,1.07,False,,low,size_prior,0.5172,1,2.1,
Food_12_side_right_fork,custom,custom,deep-learning,none,side_right,fork,True,129.66,121.18,400.0,374.0,1.07,False,,,,,0,1.9,
Food_12_side_right_knife,custom,custom,monocular-geometric,utensil_nlp,side_right,knife,True,5.18,4.84,400.0,374.0,1.07,False,,low,utensil,0.7501,1,2.2,
Food_12_side_right_knife,custom,custom,monocular-geometric,utensil_notext,side_right,knife,True,5.18,4.84,400.0,374.0,1.07,False,,low,utensil,0.7501,1,1.5,
Food_12_side_right_knife,custom,custom,monocular-geometric,sizeprior_nlp,side_right,knife,True,2.2,2.06,400.0,374.0,1.07,False,,low,size_prior,0.526,1,2.1,
Food_12_side_right_knife,custom,custom,monocular-geometric,sizeprior_notext,side_right,knife,True,2.2,2.06,400.0,374.0,1.07,False,,low,size_prior,0.526,1,2.1,
Food_12_side_right_knife,custom,custom,deep-learning,none,side_right,knife,True,115.03,107.5,400.0,374.0,1.07,False,,,,,0,2.0,
Food_12_side_right_spoon,custom,custom,monocular-geometric,utensil_nlp,side_right,spoon,True,2.66,2.49,400.0,374.0,1.07,False,,low,utensil,0.7738,1,2.2,
Food_12_side_right_spoon,custom,custom,monocular-geometric,utensil_notext,side_right,spoon,True,2.66,2.49,400.0,374.0,1.07,False,,low,utensil,0.7738,1,1.5,
Food_12_side_right_spoon,custom,custom,monocular-geometric,sizeprior_nlp,side_right,spoon,True,1.56,1.46,400.0,374.0,1.07,False,,low,size_prior,0.5493,1,2.1,
Food_12_side_right_spoon,custom,custom,monocular-geometric,sizeprior_notext,side_right,spoon,True,1.56,1.46,400.0,374.0,1.07,False,,low,size_prior,0.5493,1,2.1,
Food_12_side_right_spoon,custom,custom,deep-learning,none,side_right,spoon,True,131.62,123.01,400.0,374.0,1.07,False,,,,,0,2.0,
Food_12_tilt_fork,custom,custom,monocular-geometric,utensil_nlp,tilt,fork,True,0.9,0.84,400.0,374.0,1.07,False,,low,utensil,0.6588,1,2.1,
Food_12_tilt_fork,custom,custom,monocular-geometric,utensil_notext,tilt,fork,True,1.12,1.05,400.0,374.0,1.07,False,,low,utensil,0.6588,1,1.5,
Food_12_tilt_fork,custom,custom,monocular-geometric,sizeprior_nlp,tilt,fork,True,0.8,0.78,400.0,374.0,1.07,False,,low,size_prior,0.5607,1,1.9,
Food_12_tilt_fork,custom,custom,monocular-geometric,sizeprior_notext,tilt,fork,True,1.07,1.0,400.0,374.0,1.07,False,,low,size_prior,0.5622,1,2.1,
Food_12_tilt_fork,custom,custom,deep-learning,none,tilt,fork,True,162.24,151.63,400.0,374.0,1.07,False,,,,,0,1.9,
Food_12_tilt_knife,custom,custom,monocular-geometric,utensil_nlp,tilt,knife,True,0.5,0.5,400.0,374.0,1.07,False,,low,utensil,0.6913,1,2.1,
Food_12_tilt_knife,custom,custom,monocular-geometric,utensil_notext,tilt,knife,True,0.36,0.34,400.0,374.0,1.07,False,,low,utensil,0.6913,1,1.5,
Food_12_tilt_knife,custom,custom,monocular-geometric,sizeprior_nlp,tilt,knife,True,0.4,0.41,400.0,374.0,1.07,False,,low,size_prior,0.6304,1,1.9,
Food_12_tilt_knife,custom,custom,monocular-geometric,sizeprior_notext,tilt,knife,True,0.43,0.4,400.0,374.0,1.07,False,,low,size_prior,0.6326,1,2.1,
Food_12_tilt_knife,custom,custom,deep-learning,none,tilt,knife,True,150.05,140.23,400.0,374.0,1.07,False,,,,,0,2.0,
Food_12_tilt_spoon,custom,custom,monocular-geometric,utensil_nlp,tilt,spoon,True,1.0,0.9,400.0,374.0,1.07,False,,low,utensil,0.7098,1,2.1,
Food_12_tilt_spoon,custom,custom,monocular-geometric,utensil_notext,tilt,spoon,True,1.24,1.16,400.0,374.0,1.07,False,,low,utensil,0.7098,1,1.6,
Food_12_tilt_spoon,custom,custom,monocular-geometric,sizeprior_nlp,tilt,spoon,True,0.9,0.83,400.0,374.0,1.07,False,,low,size_prior,0.6074,1,2.0,
Food_12_tilt_spoon,custom,custom,monocular-geometric,sizeprior_notext,tilt,spoon,True,0.76,0.71,400.0,374.0,1.07,False,,low,size_prior,0.6085,1,2.1,
Food_12_tilt_spoon,custom,custom,deep-learning,none,tilt,spoon,True,151.0,141.12,400.0,374.0,1.07,False,,,,,0,2.0,
Food_12_mv_fork,custom,custom,multi-view,utensil_notext,multiview,fork,True,858.63,802.46,400.0,374.0,1.07,False,,,utensil,,0,13.0,
Food_12_mv_fork,custom,custom,multi-view,sizeprior_notext,multiview,fork,True,439.37,410.63,400.0,374.0,1.07,False,,,size_prior,,0,13.3,
Food_12_mv_knife,custom,custom,multi-view,utensil_notext,multiview,knife,True,989.81,925.06,400.0,374.0,1.07,False,,,utensil,,0,12.8,
Food_12_mv_knife,custom,custom,multi-view,sizeprior_notext,multiview,knife,True,526.04,491.63,400.0,374.0,1.07,False,,,size_prior,,0,12.9,
Food_12_mv_spoon,custom,custom,multi-view,utensil_notext,multiview,spoon,True,1138.12,1063.66,400.0,374.0,1.07,False,,,utensil,,0,12.9,
Food_12_mv_spoon,custom,custom,multi-view,sizeprior_notext,multiview,spoon,True,423.91,396.18,400.0,374.0,1.07,False,,,size_prior,,0,13.2,
Food_13_overhead_fork,custom,custom,monocular-geometric,utensil_nlp,overhead,fork,True,441.8,412.94,400.0,374.0,1.07,False,,high,utensil,0.6743,1,2.4,
Food_13_overhead_fork,custom,custom,monocular-geometric,utensil_notext,overhead,fork,True,438.28,409.61,400.0,374.0,1.07,False,,high,utensil,0.6743,1,1.7,
Food_13_overhead_fork,custom,custom,monocular-geometric,sizeprior_nlp,overhead,fork,True,164.4,153.64,400.0,374.0,1.07,False,,high,size_prior,0.4843,1,2.1,
Food_13_overhead_fork,custom,custom,monocular-geometric,sizeprior_notext,overhead,fork,True,165.26,154.45,400.0,374.0,1.07,False,,high,size_prior,0.4854,1,2.2,
Food_13_overhead_fork,custom,custom,deep-learning,none,overhead,fork,True,204.25,190.89,400.0,374.0,1.07,False,,,,,0,2.1,
Food_13_overhead_knife,custom,custom,monocular-geometric,utensil_nlp,overhead,knife,True,497.7,465.15,400.0,374.0,1.07,False,,high,utensil,0.6705,1,2.2,
Food_13_overhead_knife,custom,custom,monocular-geometric,utensil_notext,overhead,knife,True,498.91,466.27,400.0,374.0,1.07,False,,high,utensil,0.6705,1,1.7,
Food_13_overhead_knife,custom,custom,monocular-geometric,sizeprior_nlp,overhead,knife,True,230.9,215.84,400.0,374.0,1.07,False,,high,size_prior,0.5184,1,2.2,
Food_13_overhead_knife,custom,custom,monocular-geometric,sizeprior_notext,overhead,knife,True,232.1,216.92,400.0,374.0,1.07,False,,high,size_prior,0.5196,1,2.3,
Food_13_overhead_knife,custom,custom,deep-learning,none,overhead,knife,True,200.02,186.93,400.0,374.0,1.07,False,,,,,0,2.0,
Food_13_overhead_spoon,custom,custom,monocular-geometric,utensil_nlp,overhead,spoon,True,510.2,476.78,400.0,374.0,1.07,False,,high,utensil,0.747,1,2.2,
Food_13_overhead_spoon,custom,custom,monocular-geometric,utensil_notext,overhead,spoon,True,513.13,479.56,400.0,374.0,1.07,False,,high,utensil,0.747,1,1.7,
Food_13_overhead_spoon,custom,custom,monocular-geometric,sizeprior_nlp,overhead,spoon,True,133.7,124.91,400.0,374.0,1.07,False,,high,size_prior,0.4776,1,2.1,
Food_13_overhead_spoon,custom,custom,monocular-geometric,sizeprior_notext,overhead,spoon,True,135.27,126.42,400.0,374.0,1.07,False,,high,size_prior,0.4791,1,2.3,
Food_13_overhead_spoon,custom,custom,deep-learning,none,overhead,spoon,True,200.77,187.64,400.0,374.0,1.07,False,,,,,0,2.0,
Food_13_side_left_fork,custom,custom,monocular-geometric,utensil_nlp,side_left,fork,True,318.8,297.92,400.0,374.0,1.07,False,,low,utensil,0.8168,1,2.2,
Food_13_side_left_fork,custom,custom,monocular-geometric,utensil_notext,side_left,fork,True,318.1,297.29,400.0,374.0,1.07,False,,low,utensil,0.8168,1,1.7,
Food_13_side_left_fork,custom,custom,monocular-geometric,sizeprior_nlp,side_left,fork,True,119.3,111.54,400.0,374.0,1.07,False,,low,size_prior,0.5892,1,2.1,
Food_13_side_left_fork,custom,custom,monocular-geometric,sizeprior_notext,side_left,fork,True,120.4,112.52,400.0,374.0,1.07,False,,low,size_prior,0.5907,1,2.2,
Food_13_side_left_fork,custom,custom,deep-learning,none,side_left,fork,True,152.71,142.72,400.0,374.0,1.07,False,,,,,0,2.2,
Food_13_side_left_knife,custom,custom,monocular-geometric,utensil_nlp,side_left,knife,True,322.7,301.6,400.0,374.0,1.07,False,,low,utensil,0.8247,1,2.2,
Food_13_side_left_knife,custom,custom,monocular-geometric,utensil_notext,side_left,knife,True,322.92,301.79,400.0,374.0,1.07,False,,low,utensil,0.8247,1,1.7,
Food_13_side_left_knife,custom,custom,monocular-geometric,sizeprior_nlp,side_left,knife,True,67.9,63.47,400.0,374.0,1.07,False,,low,size_prior,0.4906,1,2.2,
Food_13_side_left_knife,custom,custom,monocular-geometric,sizeprior_notext,side_left,knife,True,68.66,64.17,400.0,374.0,1.07,False,,low,size_prior,0.4917,1,2.4,
Food_13_side_left_knife,custom,custom,deep-learning,none,side_left,knife,True,147.19,137.56,400.0,374.0,1.07,False,,,,,0,2.2,
Food_13_side_left_spoon,custom,custom,monocular-geometric,utensil_nlp,side_left,spoon,True,412.4,385.45,400.0,374.0,1.07,False,,low,utensil,0.8532,1,2.2,
Food_13_side_left_spoon,custom,custom,monocular-geometric,utensil_notext,side_left,spoon,True,412.22,385.25,400.0,374.0,1.07,False,,low,utensil,0.8532,1,1.7,
Food_13_side_left_spoon,custom,custom,monocular-geometric,sizeprior_nlp,side_left,spoon,True,111.1,103.87,400.0,374.0,1.07,False,,low,size_prior,0.5505,1,2.2,
Food_13_side_left_spoon,custom,custom,monocular-geometric,sizeprior_notext,side_left,spoon,True,112.07,104.74,400.0,374.0,1.07,False,,low,size_prior,0.5519,1,2.3,
Food_13_side_left_spoon,custom,custom,deep-learning,none,side_left,spoon,True,164.9,154.11,400.0,374.0,1.07,False,,,,,0,2.2,
Food_13_side_right_fork,custom,custom,monocular-geometric,utensil_nlp,side_right,fork,True,263.2,246.0,400.0,374.0,1.07,False,,high,utensil,0.7639,1,2.3,
Food_13_side_right_fork,custom,custom,monocular-geometric,utensil_notext,side_right,fork,True,263.53,246.29,400.0,374.0,1.07,False,,high,utensil,0.7639,1,1.7,
Food_13_side_right_fork,custom,custom,monocular-geometric,sizeprior_nlp,side_right,fork,True,91.1,85.14,400.0,374.0,1.07,False,,high,size_prior,0.5365,1,2.2,
Food_13_side_right_fork,custom,custom,monocular-geometric,sizeprior_notext,side_right,fork,True,92.2,86.17,400.0,374.0,1.07,False,,high,size_prior,0.5385,1,2.4,
Food_13_side_right_fork,custom,custom,deep-learning,none,side_right,fork,True,142.63,133.3,400.0,374.0,1.07,False,,,,,0,2.1,
Food_13_side_right_knife,custom,custom,monocular-geometric,utensil_nlp,side_right,knife,True,314.8,294.25,400.0,374.0,1.07,False,,high,utensil,0.7505,1,2.2,
Food_13_side_right_knife,custom,custom,monocular-geometric,utensil_notext,side_right,knife,True,317.25,296.5,400.0,374.0,1.07,False,,high,utensil,0.7505,1,1.7,
Food_13_side_right_knife,custom,custom,monocular-geometric,sizeprior_nlp,side_right,knife,True,79.1,73.95,400.0,374.0,1.07,False,,high,size_prior,0.4744,1,2.2,
Food_13_side_right_knife,custom,custom,monocular-geometric,sizeprior_notext,side_right,knife,True,79.96,74.73,400.0,374.0,1.07,False,,high,size_prior,0.4758,1,2.4,
Food_13_side_right_knife,custom,custom,deep-learning,none,side_right,knife,True,128.75,120.33,400.0,374.0,1.07,False,,,,,0,2.1,
Food_13_side_right_spoon,custom,custom,monocular-geometric,utensil_nlp,side_right,spoon,True,326.3,304.95,400.0,374.0,1.07,False,,medium,utensil,0.8442,1,2.2,
Food_13_side_right_spoon,custom,custom,monocular-geometric,utensil_notext,side_right,spoon,True,327.13,305.73,400.0,374.0,1.07,False,,medium,utensil,0.8442,1,1.7,
Food_13_side_right_spoon,custom,custom,monocular-geometric,sizeprior_nlp,side_right,spoon,True,74.6,69.73,400.0,374.0,1.07,False,,medium,size_prior,0.5165,1,2.2,
Food_13_side_right_spoon,custom,custom,monocular-geometric,sizeprior_notext,side_right,spoon,True,75.66,70.71,400.0,374.0,1.07,False,,medium,size_prior,0.5182,1,2.3,
Food_13_side_right_spoon,custom,custom,deep-learning,none,side_right,spoon,True,110.96,103.7,400.0,374.0,1.07,False,,,,,0,2.2,
Food_13_tilt_fork,custom,custom,monocular-geometric,utensil_nlp,tilt,fork,True,410.6,383.72,400.0,374.0,1.07,False,,medium,utensil,0.7856,1,2.2,
Food_13_tilt_fork,custom,custom,monocular-geometric,utensil_notext,tilt,fork,True,411.14,384.24,400.0,374.0,1.07,False,,medium,utensil,0.7856,1,1.7,
Food_13_tilt_fork,custom,custom,monocular-geometric,sizeprior_nlp,tilt,fork,True,160.1,149.6,400.0,374.0,1.07,False,,medium,size_prior,0.574,1,2.2,
Food_13_tilt_fork,custom,custom,monocular-geometric,sizeprior_notext,tilt,fork,True,161.71,151.13,400.0,374.0,1.07,False,,medium,size_prior,0.5756,1,2.3,
Food_13_tilt_fork,custom,custom,deep-learning,none,tilt,fork,True,193.6,180.93,400.0,374.0,1.07,False,,,,,0,2.1,
Food_13_tilt_knife,custom,custom,monocular-geometric,utensil_nlp,tilt,knife,True,527.4,492.86,400.0,374.0,1.07,False,,medium,utensil,0.8598,1,2.2,
Food_13_tilt_knife,custom,custom,monocular-geometric,utensil_notext,tilt,knife,True,547.73,511.9,400.0,374.0,1.07,False,,medium,utensil,0.8598,1,1.6,
Food_13_tilt_knife,custom,custom,monocular-geometric,sizeprior_nlp,tilt,knife,True,183.5,171.47,400.0,374.0,1.07,False,,medium,size_prior,0.6051,1,2.1,
Food_13_tilt_knife,custom,custom,monocular-geometric,sizeprior_notext,tilt,knife,True,185.72,173.57,400.0,374.0,1.07,False,,medium,size_prior,0.6067,1,2.3,
Food_13_tilt_knife,custom,custom,deep-learning,none,tilt,knife,True,179.0,167.29,400.0,374.0,1.07,False,,,,,0,2.1,
Food_13_tilt_spoon,custom,custom,monocular-geometric,utensil_nlp,tilt,spoon,True,555.9,519.57,400.0,374.0,1.07,False,,medium,utensil,0.6935,1,2.2,
Food_13_tilt_spoon,custom,custom,monocular-geometric,utensil_notext,tilt,spoon,True,556.08,519.7,400.0,374.0,1.07,False,,medium,utensil,0.6935,1,1.7,
Food_13_tilt_spoon,custom,custom,monocular-geometric,sizeprior_nlp,tilt,spoon,True,193.0,180.4,400.0,374.0,1.07,False,,medium,size_prior,0.4871,1,2.1,
Food_13_tilt_spoon,custom,custom,monocular-geometric,sizeprior_notext,tilt,spoon,True,194.49,181.77,400.0,374.0,1.07,False,,medium,size_prior,0.4883,1,2.3,
Food_13_tilt_spoon,custom,custom,deep-learning,none,tilt,spoon,True,210.71,196.93,400.0,374.0,1.07,False,,,,,0,2.1,
Food_13_mv_fork,custom,custom,multi-view,utensil_notext,multiview,fork,True,708.97,662.59,400.0,374.0,1.07,False,,,utensil,,0,13.9,
Food_13_mv_fork,custom,custom,multi-view,sizeprior_notext,multiview,fork,True,168.31,157.3,400.0,374.0,1.07,False,,,size_prior,,0,22.1,
Food_13_mv_knife,custom,custom,multi-view,utensil_notext,multiview,knife,True,918.8,858.69,400.0,374.0,1.07,False,,,utensil,,0,20.8,
Food_13_mv_knife,custom,custom,multi-view,sizeprior_notext,multiview,knife,True,210.04,196.3,400.0,374.0,1.07,False,,,size_prior,,0,21.0,
Food_13_mv_spoon,custom,custom,multi-view,utensil_notext,multiview,spoon,True,975.63,911.8,400.0,374.0,1.07,False,,,utensil,,0,14.2,
Food_13_mv_spoon,custom,custom,multi-view,sizeprior_notext,multiview,spoon,True,174.15,162.76,400.0,374.0,1.07,False,,,size_prior,,0,14.6,
Food_14_overhead_fork,custom,custom,monocular-geometric,utensil_nlp,overhead,fork,True,128.1,162.12,107.0,107.0,1.0,False,,high,utensil,0.7198,1,2.3,
Food_14_overhead_fork,custom,custom,monocular-geometric,utensil_notext,overhead,fork,True,163.63,163.63,107.0,107.0,1.0,False,,high,utensil,0.7198,1,1.6,
Food_14_overhead_fork,custom,custom,monocular-geometric,sizeprior_nlp,overhead,fork,True,124.7,157.89,107.0,107.0,1.0,False,,high,size_prior,0.7135,1,2.1,
Food_14_overhead_fork,custom,custom,monocular-geometric,sizeprior_notext,overhead,fork,True,158.74,158.74,107.0,107.0,1.0,False,,high,size_prior,0.7126,1,2.1,
Food_14_overhead_fork,custom,custom,deep-learning,none,overhead,fork,True,112.85,112.85,107.0,107.0,1.0,False,,,,,0,1.9,
Food_14_overhead_knife,custom,custom,monocular-geometric,utensil_nlp,overhead,knife,True,159.8,202.33,107.0,107.0,1.0,False,,high,utensil,0.7345,1,2.2,
Food_14_overhead_knife,custom,custom,monocular-geometric,utensil_notext,overhead,knife,True,203.63,203.63,107.0,107.0,1.0,False,,high,utensil,0.7345,1,1.5,
Food_14_overhead_knife,custom,custom,monocular-geometric,sizeprior_nlp,overhead,knife,True,140.2,177.42,107.0,107.0,1.0,False,,high,size_prior,0.7034,1,2.0,
Food_14_overhead_knife,custom,custom,monocular-geometric,sizeprior_notext,overhead,knife,True,176.99,176.99,107.0,107.0,1.0,False,,high,size_prior,0.7021,1,2.0,
Food_14_overhead_knife,custom,custom,deep-learning,none,overhead,knife,True,109.07,109.07,107.0,107.0,1.0,False,,,,,0,1.9,
Food_14_overhead_spoon,custom,custom,monocular-geometric,utensil_nlp,overhead,spoon,True,185.2,234.42,107.0,107.0,1.0,False,,high,utensil,0.8373,1,2.1,
Food_14_overhead_spoon,custom,custom,monocular-geometric,utensil_notext,overhead,spoon,True,220.27,220.27,107.0,107.0,1.0,False,,high,utensil,0.8373,1,1.5,
Food_14_overhead_spoon,custom,custom,monocular-geometric,sizeprior_nlp,overhead,spoon,True,145.3,183.94,107.0,107.0,1.0,False,,high,size_prior,0.7915,1,2.0,
Food_14_overhead_spoon,custom,custom,monocular-geometric,sizeprior_notext,overhead,spoon,True,185.28,185.28,107.0,107.0,1.0,False,,high,size_prior,0.7905,1,2.1,
Food_14_overhead_spoon,custom,custom,deep-learning,none,overhead,spoon,True,107.07,107.07,107.0,107.0,1.0,False,,,,,0,2.0,
Food_14_side_left_fork,custom,custom,monocular-geometric,utensil_nlp,side_left,fork,True,74.4,94.22,107.0,107.0,1.0,False,,medium,utensil,0.8229,1,2.3,
Food_14_side_left_fork,custom,custom,monocular-geometric,utensil_notext,side_left,fork,True,94.11,94.11,107.0,107.0,1.0,False,,medium,utensil,0.8229,1,1.6,
Food_14_side_left_fork,custom,custom,monocular-geometric,sizeprior_nlp,side_left,fork,True,60.0,75.93,107.0,107.0,1.0,False,,medium,size_prior,0.7664,1,2.1,
Food_14_side_left_fork,custom,custom,monocular-geometric,sizeprior_notext,side_left,fork,True,75.37,75.37,107.0,107.0,1.0,False,,medium,size_prior,0.7642,1,2.2,
Food_14_side_left_fork,custom,custom,deep-learning,none,side_left,fork,True,92.87,92.87,107.0,107.0,1.0,False,,,,,0,2.1,
Food_14_side_left_knife,custom,custom,monocular-geometric,utensil_nlp,side_left,knife,True,104.7,132.5,107.0,107.0,1.0,False,,medium,utensil,0.9779,1,2.2,
Food_14_side_left_knife,custom,custom,monocular-geometric,utensil_notext,side_left,knife,True,132.7,132.7,107.0,107.0,1.0,False,,medium,utensil,0.9779,1,1.6,
Food_14_side_left_knife,custom,custom,monocular-geometric,sizeprior_nlp,side_left,knife,True,60.6,76.68,107.0,107.0,1.0,False,,medium,size_prior,0.8183,1,2.1,
Food_14_side_left_knife,custom,custom,monocular-geometric,sizeprior_notext,side_left,knife,True,76.51,76.51,107.0,107.0,1.0,False,,medium,size_prior,0.8157,1,2.2,
Food_14_side_left_knife,custom,custom,deep-learning,none,side_left,knife,True,92.41,92.41,107.0,107.0,1.0,False,,,,,0,2.1,
Food_14_side_left_spoon,custom,custom,monocular-geometric,utensil_nlp,side_left,spoon,True,123.8,156.73,107.0,107.0,1.0,False,,medium,utensil,0.968,1,2.2,
Food_14_side_left_spoon,custom,custom,monocular-geometric,utensil_notext,side_left,spoon,True,156.92,156.92,107.0,107.0,1.0,False,,medium,utensil,0.968,1,1.6,
Food_14_side_left_spoon,custom,custom,monocular-geometric,sizeprior_nlp,side_left,spoon,True,87.5,110.72,107.0,107.0,1.0,False,,medium,size_prior,0.8626,1,2.1,
Food_14_side_left_spoon,custom,custom,monocular-geometric,sizeprior_notext,side_left,spoon,True,110.0,110.0,107.0,107.0,1.0,False,,medium,size_prior,0.8602,1,2.2,
Food_14_side_left_spoon,custom,custom,deep-learning,none,side_left,spoon,True,100.95,100.95,107.0,107.0,1.0,False,,,,,0,2.1,
Food_14_side_right_fork,custom,custom,monocular-geometric,utensil_nlp,side_right,fork,True,123.7,156.64,107.0,107.0,1.0,False,,medium,utensil,0.7708,1,2.2,
Food_14_side_right_fork,custom,custom,monocular-geometric,utensil_notext,side_right,fork,True,157.62,157.62,107.0,107.0,1.0,False,,medium,utensil,0.7708,1,1.6,
Food_14_side_right_fork,custom,custom,monocular-geometric,sizeprior_nlp,side_right,fork,True,102.6,129.81,107.0,107.0,1.0,False,,medium,size_prior,0.7237,1,2.1,
Food_14_side_right_fork,custom,custom,monocular-geometric,sizeprior_notext,side_right,fork,True,129.7,129.7,107.0,107.0,1.0,False,,medium,size_prior,0.7225,1,2.1,
Food_14_side_right_fork,custom,custom,deep-learning,none,side_right,fork,True,96.82,96.82,107.0,107.0,1.0,False,,,,,0,2.0,
Food_14_side_right_knife,custom,custom,monocular-geometric,utensil_nlp,side_right,knife,True,161.9,204.99,107.0,107.0,1.0,False,,low,utensil,0.806,1,2.2,
Food_14_side_right_knife,custom,custom,monocular-geometric,utensil_notext,side_right,knife,True,204.51,204.51,107.0,107.0,1.0,False,,low,utensil,0.806,1,1.6,
Food_14_side_right_knife,custom,custom,monocular-geometric,sizeprior_nlp,side_right,knife,True,104.4,132.16,107.0,107.0,1.0,False,,low,size_prior,0.6971,1,2.1,
Food_14_side_right_knife,custom,custom,monocular-geometric,sizeprior_notext,side_right,knife,True,131.69,131.69,107.0,107.0,1.0,False,,low,size_prior,0.6957,1,2.2,
Food_14_side_right_knife,custom,custom,deep-learning,none,side_right,knife,True,73.29,73.29,107.0,107.0,1.0,False,,,,,0,2.1,
Food_14_side_right_spoon,custom,custom,monocular-geometric,utensil_nlp,side_right,spoon,True,186.9,236.61,107.0,107.0,1.0,False,,high,utensil,0.9103,1,2.1,
Food_14_side_right_spoon,custom,custom,monocular-geometric,utensil_notext,side_right,spoon,True,236.57,236.57,107.0,107.0,1.0,False,,high,utensil,0.9103,1,1.5,
Food_14_side_right_spoon,custom,custom,monocular-geometric,sizeprior_nlp,side_right,spoon,True,126.7,160.42,107.0,107.0,1.0,False,,high,size_prior,0.7993,1,2.1,
Food_14_side_right_spoon,custom,custom,monocular-geometric,sizeprior_notext,side_right,spoon,True,159.13,159.13,107.0,107.0,1.0,False,,high,size_prior,0.7977,1,2.1,
Food_14_side_right_spoon,custom,custom,deep-learning,none,side_right,spoon,True,80.39,80.39,107.0,107.0,1.0,False,,,,,0,1.9,
Food_14_tilt_fork,custom,custom,monocular-geometric,utensil_nlp,tilt,fork,True,172.2,217.91,107.0,107.0,1.0,False,,high,utensil,0.7988,1,2.1,
Food_14_tilt_fork,custom,custom,monocular-geometric,utensil_notext,tilt,fork,True,218.8,218.8,107.0,107.0,1.0,False,,high,utensil,0.7988,1,1.5,
Food_14_tilt_fork,custom,custom,monocular-geometric,sizeprior_nlp,tilt,fork,True,159.8,202.32,107.0,107.0,1.0,False,,high,size_prior,0.7793,1,2.4,
Food_14_tilt_fork,custom,custom,monocular-geometric,sizeprior_notext,tilt,fork,True,202.4,202.4,107.0,107.0,1.0,False,,high,size_prior,0.7785,1,2.0,
Food_14_tilt_fork,custom,custom,deep-learning,none,tilt,fork,True,110.51,110.51,107.0,107.0,1.0,False,,,,,0,1.9,
Food_14_tilt_knife,custom,custom,monocular-geometric,utensil_nlp,tilt,knife,True,159.6,202.0,107.0,107.0,1.0,False,,medium,utensil,0.9762,1,2.2,
Food_14_tilt_knife,custom,custom,monocular-geometric,utensil_notext,tilt,knife,True,201.59,201.59,107.0,107.0,1.0,False,,medium,utensil,0.9762,1,1.6,
Food_14_tilt_knife,custom,custom,monocular-geometric,sizeprior_nlp,tilt,knife,True,103.6,131.09,107.0,107.0,1.0,False,,medium,size_prior,0.8461,1,2.1,
Food_14_tilt_knife,custom,custom,monocular-geometric,sizeprior_notext,tilt,knife,True,130.56,130.56,107.0,107.0,1.0,False,,medium,size_prior,0.8445,1,2.1,
Food_14_tilt_knife,custom,custom,deep-learning,none,tilt,knife,True,98.49,98.49,107.0,107.0,1.0,False,,,,,0,2.0,
Food_14_tilt_spoon,custom,custom,monocular-geometric,utensil_nlp,tilt,spoon,True,136.3,172.48,107.0,107.0,1.0,False,,medium,utensil,0.9072,1,2.2,
Food_14_tilt_spoon,custom,custom,monocular-geometric,utensil_notext,tilt,spoon,True,174.08,174.08,107.0,107.0,1.0,False,,medium,utensil,0.9072,1,1.6,
Food_14_tilt_spoon,custom,custom,monocular-geometric,sizeprior_nlp,tilt,spoon,True,115.5,146.22,107.0,107.0,1.0,False,,medium,size_prior,0.8588,1,2.0,
Food_14_tilt_spoon,custom,custom,monocular-geometric,sizeprior_notext,tilt,spoon,True,146.81,146.81,107.0,107.0,1.0,False,,medium,size_prior,0.8575,1,2.2,
Food_14_tilt_spoon,custom,custom,deep-learning,none,tilt,spoon,True,110.31,110.31,107.0,107.0,1.0,False,,,,,0,2.0,
Food_14_mv_fork,custom,custom,multi-view,utensil_notext,multiview,fork,True,406.67,406.67,107.0,107.0,1.0,False,,,utensil,,0,14.8,
Food_14_mv_fork,custom,custom,multi-view,sizeprior_notext,multiview,fork,True,261.94,261.94,107.0,107.0,1.0,False,,,size_prior,,0,15.1,
Food_14_mv_knife,custom,custom,multi-view,utensil_notext,multiview,knife,True,497.63,497.63,107.0,107.0,1.0,False,,,utensil,,0,14.6,
Food_14_mv_knife,custom,custom,multi-view,sizeprior_notext,multiview,knife,True,185.73,185.73,107.0,107.0,1.0,False,,,size_prior,,0,15.1,
Food_14_mv_spoon,custom,custom,multi-view,utensil_notext,multiview,spoon,True,622.0,622.0,107.0,107.0,1.0,False,,,utensil,,0,14.6,
Food_14_mv_spoon,custom,custom,multi-view,sizeprior_notext,multiview,spoon,True,268.55,268.55,107.0,107.0,1.0,False,,,size_prior,,0,14.8,
Food_15_overhead_fork,custom,custom,monocular-geometric,utensil_nlp,overhead,fork,True,10.1,15.06,227.0,349.0,0.65,False,,medium,utensil,0.5083,1,2.1,
Food_15_overhead_fork,custom,custom,monocular-geometric,utensil_notext,overhead,fork,True,72.63,111.74,227.0,349.0,0.65,False,,high,utensil,0.5083,1,1.4,
Food_15_overhead_fork,custom,custom,monocular-geometric,sizeprior_nlp,overhead,fork,True,10.7,15.99,227.0,349.0,0.65,False,,medium,size_prior,0.4353,1,1.8,
Food_15_overhead_fork,custom,custom,monocular-geometric,sizeprior_notext,overhead,fork,True,8.68,13.35,227.0,349.0,0.65,False,,medium,size_prior,0.4352,1,1.9,
Food_15_overhead_fork,custom,custom,deep-learning,none,overhead,fork,True,182.95,281.46,227.0,349.0,0.65,False,,,,,0,1.8,
Food_15_overhead_knife,custom,custom,monocular-geometric,utensil_nlp,overhead,knife,True,35.7,53.34,227.0,349.0,0.65,False,,medium,utensil,0.5163,1,2.0,
Food_15_overhead_knife,custom,custom,monocular-geometric,utensil_notext,overhead,knife,True,31.56,48.56,227.0,349.0,0.65,False,,medium,utensil,0.5163,1,1.4,
Food_15_overhead_knife,custom,custom,monocular-geometric,sizeprior_nlp,overhead,knife,True,23.4,34.92,227.0,349.0,0.65,False,,medium,size_prior,0.4448,1,1.8,
Food_15_overhead_knife,custom,custom,monocular-geometric,sizeprior_notext,overhead,knife,True,8.19,12.6,227.0,349.0,0.65,False,,medium,size_prior,0.4445,1,1.9,
Food_15_overhead_knife,custom,custom,deep-learning,none,overhead,knife,True,158.44,243.75,227.0,349.0,0.65,False,,,,,0,1.9,
Food_15_side_left_fork,custom,custom,monocular-geometric,utensil_nlp,side_left,fork,True,1.1,1.58,227.0,349.0,0.65,False,,low,utensil,0.6838,1,2.0,
Food_15_side_left_fork,custom,custom,monocular-geometric,utensil_notext,side_left,fork,True,1.61,2.47,227.0,349.0,0.65,False,,low,utensil,0.6838,1,1.5,
Food_15_side_left_fork,custom,custom,monocular-geometric,sizeprior_nlp,side_left,fork,True,1.2,1.75,227.0,349.0,0.65,False,,low,size_prior,0.7077,1,1.8,
Food_15_side_left_fork,custom,custom,monocular-geometric,sizeprior_notext,side_left,fork,True,0.82,1.26,227.0,349.0,0.65,False,,low,size_prior,0.7072,1,1.9,
Food_15_side_left_fork,custom,custom,deep-learning,none,side_left,fork,True,159.68,245.66,227.0,349.0,0.65,False,,,,,0,2.0,
Food_15_side_left_knife,custom,custom,monocular-geometric,utensil_nlp,side_left,knife,True,1.5,2.21,227.0,349.0,0.65,False,,low,utensil,0.7764,1,2.1,
Food_15_side_left_knife,custom,custom,monocular-geometric,utensil_notext,side_left,knife,True,2.09,3.22,227.0,349.0,0.65,False,,low,utensil,0.7764,1,1.5,
Food_15_side_left_knife,custom,custom,monocular-geometric,sizeprior_nlp,side_left,knife,True,1.3,1.87,227.0,349.0,0.65,False,,low,size_prior,0.7359,1,1.8,
Food_15_side_left_knife,custom,custom,monocular-geometric,sizeprior_notext,side_left,knife,True,1.73,2.66,227.0,349.0,0.65,False,,low,size_prior,0.7353,1,1.9,
Food_15_side_left_knife,custom,custom,deep-learning,none,side_left,knife,True,158.2,243.38,227.0,349.0,0.65,False,,,,,0,2.0,
Food_15_side_right_fork,custom,custom,monocular-geometric,utensil_nlp,side_right,fork,True,1.8,2.68,227.0,349.0,0.65,False,,low,utensil,0.6215,1,2.0,
Food_15_side_right_fork,custom,custom,monocular-geometric,utensil_notext,side_right,fork,True,3.15,4.85,227.0,349.0,0.65,False,,low,utensil,0.6215,1,1.4,
Food_15_side_right_fork,custom,custom,monocular-geometric,sizeprior_nlp,side_right,fork,True,1.6,2.34,227.0,349.0,0.65,False,,low,size_prior,0.5929,1,1.9,
Food_15_side_right_fork,custom,custom,monocular-geometric,sizeprior_notext,side_right,fork,True,2.65,4.08,227.0,349.0,0.65,False,,low,size_prior,0.592,1,1.9,
Food_15_side_right_fork,custom,custom,deep-learning,none,side_right,fork,True,126.6,194.77,227.0,349.0,0.65,False,,,,,0,1.9,
Food_15_side_right_knife,custom,custom,monocular-geometric,utensil_nlp,side_right,knife,True,0.7,1.04,227.0,349.0,0.65,False,,low,utensil,0.6196,1,2.0,
Food_15_side_right_knife,custom,custom,monocular-geometric,utensil_notext,side_right,knife,True,0.4,0.62,227.0,349.0,0.65,False,,low,utensil,0.6196,1,1.4,
Food_15_side_right_knife,custom,custom,monocular-geometric,sizeprior_nlp,side_right,knife,True,0.6,0.82,227.0,349.0,0.65,False,,low,size_prior,0.5696,1,1.8,
Food_15_side_right_knife,custom,custom,monocular-geometric,sizeprior_notext,side_right,knife,True,1.62,2.5,227.0,349.0,0.65,False,,low,size_prior,0.5691,1,2.0,
Food_15_side_right_knife,custom,custom,deep-learning,none,side_right,knife,True,134.97,207.65,227.0,349.0,0.65,False,,,,,0,1.9,
Food_15_tilt_fork,custom,custom,monocular-geometric,utensil_nlp,tilt,fork,True,0.7,1.01,227.0,349.0,0.65,False,,low,utensil,0.5646,1,1.9,
Food_15_tilt_fork,custom,custom,monocular-geometric,utensil_notext,tilt,fork,True,0.54,0.83,227.0,349.0,0.65,False,,low,utensil,0.5646,1,1.4,
Food_15_tilt_fork,custom,custom,monocular-geometric,sizeprior_nlp,tilt,fork,True,0.5,0.68,227.0,349.0,0.65,False,,low,size_prior,0.5959,1,1.8,
Food_15_tilt_fork,custom,custom,monocular-geometric,sizeprior_notext,tilt,fork,True,0.6,0.92,227.0,349.0,0.65,False,,low,size_prior,0.5952,1,2.0,
Food_15_tilt_fork,custom,custom,deep-learning,none,tilt,fork,True,169.53,260.82,227.0,349.0,0.65,False,,,,,0,1.8,
Food_15_tilt_knife,custom,custom,monocular-geometric,utensil_nlp,tilt,knife,True,1.8,2.62,227.0,349.0,0.65,False,,low,utensil,0.5839,1,2.0,
Food_15_tilt_knife,custom,custom,monocular-geometric,utensil_notext,tilt,knife,True,1.72,2.65,227.0,349.0,0.65,False,,low,utensil,0.5839,1,1.4,
Food_15_tilt_knife,custom,custom,monocular-geometric,sizeprior_nlp,tilt,knife,True,2.2,3.25,227.0,349.0,0.65,False,,low,size_prior,0.536,1,1.8,
Food_15_tilt_knife,custom,custom,monocular-geometric,sizeprior_notext,tilt,knife,True,1.34,2.06,227.0,349.0,0.65,False,,low,size_prior,0.5357,1,1.9,
Food_15_tilt_knife,custom,custom,deep-learning,none,tilt,knife,True,157.6,242.46,227.0,349.0,0.65,False,,,,,0,1.9,
Food_15_mv_fork,custom,custom,multi-view,utensil_notext,multiview,fork,True,506.44,779.14,227.0,349.0,0.65,False,,,utensil,,0,13.3,
Food_15_mv_fork,custom,custom,multi-view,sizeprior_notext,multiview,fork,True,331.92,510.64,227.0,349.0,0.65,False,,,size_prior,,0,14.0,
Food_15_mv_knife,custom,custom,multi-view,utensil_notext,multiview,knife,True,672.38,1034.43,227.0,349.0,0.65,False,,,utensil,,0,13.5,
Food_15_mv_knife,custom,custom,multi-view,sizeprior_notext,multiview,knife,True,360.67,554.88,227.0,349.0,0.65,False,,,size_prior,,0,13.7,
Food_16_overhead_fork,custom,custom,monocular-geometric,utensil_nlp,overhead,fork,True,36.3,62.51,47.0,46.0,1.03,False,,high,utensil,0.6769,1,2.3,
Food_16_overhead_fork,custom,custom,monocular-geometric,utensil_notext,overhead,fork,True,64.21,62.34,47.0,46.0,1.03,False,,high,utensil,0.6769,1,1.6,
Food_16_overhead_fork,custom,custom,monocular-geometric,sizeprior_nlp,overhead,fork,True,47.0,81.11,47.0,46.0,1.03,False,,high,size_prior,0.7379,1,2.1,
Food_16_overhead_fork,custom,custom,monocular-geometric,sizeprior_notext,overhead,fork,True,83.49,81.06,47.0,46.0,1.03,False,,high,size_prior,0.7388,1,2.1,
Food_16_overhead_fork,custom,custom,deep-learning,none,overhead,fork,True,128.63,124.88,47.0,46.0,1.03,False,,,,,0,2.0,
Food_16_overhead_knife,custom,custom,monocular-geometric,utensil_nlp,overhead,knife,True,42.5,73.2,47.0,46.0,1.03,False,,high,utensil,0.7008,1,2.2,
Food_16_overhead_knife,custom,custom,monocular-geometric,utensil_notext,overhead,knife,True,75.2,73.01,47.0,46.0,1.03,False,,high,utensil,0.7008,1,1.6,
Food_16_overhead_knife,custom,custom,monocular-geometric,sizeprior_nlp,overhead,knife,True,97.2,167.62,47.0,46.0,1.03,False,,high,size_prior,0.9221,1,2.0,
Food_16_overhead_knife,custom,custom,monocular-geometric,sizeprior_notext,overhead,knife,True,172.83,167.8,47.0,46.0,1.03,False,,high,size_prior,0.9232,1,2.1,
Food_16_overhead_knife,custom,custom,deep-learning,none,overhead,knife,True,120.73,117.21,47.0,46.0,1.03,False,,,,,0,2.0,
Food_16_overhead_spoon,custom,custom,monocular-geometric,utensil_nlp,overhead,spoon,True,41.0,70.72,47.0,46.0,1.03,False,,high,utensil,0.8064,1,2.2,
Food_16_overhead_spoon,custom,custom,monocular-geometric,utensil_notext,overhead,spoon,True,72.78,70.66,47.0,46.0,1.03,False,,high,utensil,0.8064,1,1.6,
Food_16_overhead_spoon,custom,custom,monocular-geometric,sizeprior_nlp,overhead,spoon,True,61.0,105.13,47.0,46.0,1.03,False,,high,size_prior,0.9193,1,2.0,
Food_16_overhead_spoon,custom,custom,monocular-geometric,sizeprior_notext,overhead,spoon,True,107.96,104.82,47.0,46.0,1.03,False,,high,size_prior,0.9204,1,2.1,
Food_16_overhead_spoon,custom,custom,deep-learning,none,overhead,spoon,True,131.75,127.91,47.0,46.0,1.03,False,,,,,0,2.1,
Food_16_side_left_fork,custom,custom,monocular-geometric,utensil_nlp,side_left,fork,True,33.2,57.29,47.0,46.0,1.03,False,,medium,utensil,0.8596,1,2.6,
Food_16_side_left_fork,custom,custom,monocular-geometric,utensil_notext,side_left,fork,True,59.03,57.31,47.0,46.0,1.03,False,,medium,utensil,0.8596,1,1.6,
Food_16_side_left_fork,custom,custom,monocular-geometric,sizeprior_nlp,side_left,fork,True,66.8,115.17,47.0,46.0,1.03,False,,medium,size_prior,1.0839,1,2.0,
Food_16_side_left_fork,custom,custom,monocular-geometric,sizeprior_notext,side_left,fork,True,119.02,115.55,47.0,46.0,1.03,False,,medium,size_prior,1.085,1,2.1,
Food_16_side_left_fork,custom,custom,deep-learning,none,side_left,fork,True,103.13,100.13,47.0,46.0,1.03,False,,,,,0,2.1,
Food_16_side_left_knife,custom,custom,monocular-geometric,utensil_nlp,side_left,knife,True,35.8,61.68,47.0,46.0,1.03,False,,medium,utensil,0.946,1,2.2,
Food_16_side_left_knife,custom,custom,monocular-geometric,utensil_notext,side_left,knife,True,63.48,61.63,47.0,46.0,1.03,False,,medium,utensil,0.946,1,1.6,
Food_16_side_left_knife,custom,custom,monocular-geometric,sizeprior_nlp,side_left,knife,True,83.8,144.41,47.0,46.0,1.03,False,,medium,size_prior,1.2539,1,2.0,
Food_16_side_left_knife,custom,custom,monocular-geometric,sizeprior_notext,side_left,knife,True,148.62,144.29,47.0,46.0,1.03,False,,medium,size_prior,1.2547,1,2.1,
Food_16_side_left_knife,custom,custom,deep-learning,none,side_left,knife,True,95.01,92.24,47.0,46.0,1.03,False,,,,,0,2.0,
Food_16_side_left_spoon,custom,custom,monocular-geometric,utensil_nlp,side_left,spoon,True,44.8,77.22,47.0,46.0,1.03,False,,medium,utensil,0.9444,1,2.2,
Food_16_side_left_spoon,custom,custom,monocular-geometric,utensil_notext,side_left,spoon,True,79.45,77.14,47.0,46.0,1.03,False,,medium,utensil,0.9444,1,1.6,
Food_16_side_left_spoon,custom,custom,monocular-geometric,sizeprior_nlp,side_left,spoon,True,103.1,177.72,47.0,46.0,1.03,False,,medium,size_prior,1.2478,1,2.0,
Food_16_side_left_spoon,custom,custom,monocular-geometric,sizeprior_notext,side_left,spoon,True,184.05,178.69,47.0,46.0,1.03,False,,medium,size_prior,1.249,1,2.1,
Food_16_side_left_spoon,custom,custom,deep-learning,none,side_left,spoon,True,116.96,113.55,47.0,46.0,1.03,False,,,,,0,2.1,
Food_16_side_right_fork,custom,custom,monocular-geometric,utensil_nlp,side_right,fork,True,37.3,64.37,47.0,46.0,1.03,False,,medium,utensil,0.7863,1,2.2,
Food_16_side_right_fork,custom,custom,monocular-geometric,utensil_notext,side_right,fork,True,66.23,64.3,47.0,46.0,1.03,False,,medium,utensil,0.7863,1,1.6,
Food_16_side_right_fork,custom,custom,monocular-geometric,sizeprior_nlp,side_right,fork,True,78.7,135.76,47.0,46.0,1.03,False,,medium,size_prior,1.0084,1,2.0,
Food_16_side_right_fork,custom,custom,monocular-geometric,sizeprior_notext,side_right,fork,True,140.64,136.54,47.0,46.0,1.03,False,,medium,size_prior,1.0094,1,2.2,
Food_16_side_right_fork,custom,custom,deep-learning,none,side_right,fork,True,98.77,95.89,47.0,46.0,1.03,False,,,,,0,2.1,
Food_16_side_right_knife,custom,custom,monocular-geometric,utensil_nlp,side_right,knife,True,43.2,74.56,47.0,46.0,1.03,False,,medium,utensil,0.8416,1,2.2,
Food_16_side_right_knife,custom,custom,monocular-geometric,utensil_notext,side_right,knife,True,76.69,74.46,47.0,46.0,1.03,False,,medium,utensil,0.8416,1,1.6,
Food_16_side_right_knife,custom,custom,monocular-geometric,sizeprior_nlp,side_right,knife,True,95.3,164.23,47.0,46.0,1.03,False,,medium,size_prior,1.0929,1,1.9,
Food_16_side_right_knife,custom,custom,monocular-geometric,sizeprior_notext,side_right,knife,True,169.12,164.19,47.0,46.0,1.03,False,,medium,size_prior,1.0932,1,2.1,
Food_16_side_right_knife,custom,custom,deep-learning,none,side_right,knife,True,87.4,84.85,47.0,46.0,1.03,False,,,,,0,2.0,
Food_16_side_right_spoon,custom,custom,monocular-geometric,utensil_nlp,side_right,spoon,True,51.9,89.43,47.0,46.0,1.03,False,,medium,utensil,0.936,1,2.2,
Food_16_side_right_spoon,custom,custom,monocular-geometric,utensil_notext,side_right,spoon,True,91.85,89.17,47.0,46.0,1.03,False,,medium,utensil,0.936,1,1.6,
Food_16_side_right_spoon,custom,custom,monocular-geometric,sizeprior_nlp,side_right,spoon,True,87.5,150.82,47.0,46.0,1.03,False,,medium,size_prior,1.113,1,2.0,
Food_16_side_right_spoon,custom,custom,monocular-geometric,sizeprior_notext,side_right,spoon,True,155.51,150.98,47.0,46.0,1.03,False,,medium,size_prior,1.1136,1,2.1,
Food_16_side_right_spoon,custom,custom,deep-learning,none,side_right,spoon,True,88.49,85.91,47.0,46.0,1.03,False,,,,,0,2.1,
Food_16_tilt_fork,custom,custom,monocular-geometric,utensil_nlp,tilt,fork,True,35.6,61.39,47.0,46.0,1.03,False,,medium,utensil,0.7666,1,2.2,
Food_16_tilt_fork,custom,custom,monocular-geometric,utensil_notext,tilt,fork,True,63.15,61.31,47.0,46.0,1.03,False,,medium,utensil,0.7666,1,1.6,
Food_16_tilt_fork,custom,custom,monocular-geometric,sizeprior_nlp,tilt,fork,True,63.2,108.99,47.0,46.0,1.03,False,,medium,size_prior,0.9273,1,2.1,
Food_16_tilt_fork,custom,custom,monocular-geometric,sizeprior_notext,tilt,fork,True,112.42,109.15,47.0,46.0,1.03,False,,medium,size_prior,0.9284,1,2.1,
Food_16_tilt_fork,custom,custom,deep-learning,none,tilt,fork,True,119.36,115.88,47.0,46.0,1.03,False,,,,,0,2.1,
Food_16_tilt_knife,custom,custom,monocular-geometric,utensil_nlp,tilt,knife,True,42.3,72.85,47.0,46.0,1.03,False,,high,utensil,0.8321,1,2.2,
Food_16_tilt_knife,custom,custom,monocular-geometric,utensil_notext,tilt,knife,True,74.8,72.62,47.0,46.0,1.03,False,,high,utensil,0.8321,1,1.6,
Food_16_tilt_knife,custom,custom,monocular-geometric,sizeprior_nlp,tilt,knife,True,71.0,122.42,47.0,46.0,1.03,False,,high,size_prior,0.9883,1,2.0,
Food_16_tilt_knife,custom,custom,monocular-geometric,sizeprior_notext,tilt,knife,True,125.99,122.32,47.0,46.0,1.03,False,,high,size_prior,0.9894,1,2.1,
Food_16_tilt_knife,custom,custom,deep-learning,none,tilt,knife,True,111.32,108.08,47.0,46.0,1.03,False,,,,,0,2.1,
Food_16_tilt_spoon,custom,custom,monocular-geometric,utensil_nlp,tilt,spoon,True,45.3,78.03,47.0,46.0,1.03,False,,high,utensil,0.8883,1,2.2,
Food_16_tilt_spoon,custom,custom,monocular-geometric,utensil_notext,tilt,spoon,True,80.35,78.01,47.0,46.0,1.03,False,,high,utensil,0.8883,1,1.6,
Food_16_tilt_spoon,custom,custom,monocular-geometric,sizeprior_nlp,tilt,spoon,True,70.4,121.36,47.0,46.0,1.03,False,,high,size_prior,1.0277,1,2.0,
Food_16_tilt_spoon,custom,custom,monocular-geometric,sizeprior_notext,tilt,spoon,True,125.02,121.38,47.0,46.0,1.03,False,,high,size_prior,1.0279,1,2.1,
Food_16_tilt_spoon,custom,custom,deep-learning,none,tilt,spoon,True,114.07,110.75,47.0,46.0,1.03,False,,,,,0,2.1,
Food_16_mv_fork,custom,custom,multi-view,utensil_notext,multiview,fork,True,72.97,70.84,47.0,46.0,1.03,False,,,utensil,,0,11.4,
Food_16_mv_fork,custom,custom,multi-view,sizeprior_notext,multiview,fork,True,79.11,76.81,47.0,46.0,1.03,False,,,size_prior,,0,11.7,
Food_16_mv_knife,custom,custom,multi-view,utensil_notext,multiview,knife,True,64.93,63.04,47.0,46.0,1.03,False,,,utensil,,0,11.4,
Food_16_mv_knife,custom,custom,multi-view,sizeprior_notext,multiview,knife,True,70.88,68.82,47.0,46.0,1.03,False,,,size_prior,,0,11.8,
Food_16_mv_spoon,custom,custom,multi-view,utensil_notext,multiview,spoon,True,66.36,64.43,47.0,46.0,1.03,False,,,utensil,,0,11.5,
Food_16_mv_spoon,custom,custom,multi-view,sizeprior_notext,multiview,spoon,True,65.86,63.94,47.0,46.0,1.03,False,,,size_prior,,0,11.9,
Food_17_overhead_fork,custom,custom,monocular-geometric,utensil_nlp,overhead,fork,True,405.1,551.18,274.0,395.0,0.8,False,,high,utensil,0.6018,2,2.7,
Food_17_overhead_fork,custom,custom,monocular-geometric,utensil_notext,overhead,fork,True,454.1,567.63,274.0,395.0,0.8,True,,high,utensil,0.6018,1,1.6,
Food_17_overhead_fork,custom,custom,monocular-geometric,sizeprior_nlp,overhead,fork,True,395.0,537.57,274.0,395.0,0.8,False,,high,size_prior,0.5968,2,2.4,
Food_17_overhead_fork,custom,custom,monocular-geometric,sizeprior_notext,overhead,fork,True,418.34,522.92,274.0,395.0,0.8,True,,high,size_prior,0.5857,1,2.2,
Food_17_overhead_fork,custom,custom,deep-learning,none,overhead,fork,True,214.31,267.89,274.0,395.0,0.8,True,,,,,0,1.9,
Food_17_overhead_knife,custom,custom,monocular-geometric,utensil_nlp,overhead,knife,True,468.1,638.54,274.0,395.0,0.8,False,,high,utensil,0.6289,2,2.6,
Food_17_overhead_knife,custom,custom,monocular-geometric,utensil_notext,overhead,knife,True,511.37,639.21,274.0,395.0,0.8,True,,high,utensil,0.6289,1,1.6,
Food_17_overhead_knife,custom,custom,monocular-geometric,sizeprior_nlp,overhead,knife,True,491.4,670.3,274.0,395.0,0.8,False,,high,size_prior,0.6391,2,2.4,
Food_17_overhead_knife,custom,custom,monocular-geometric,sizeprior_notext,overhead,knife,True,508.6,635.75,274.0,395.0,0.8,True,,high,size_prior,0.6278,1,2.2,
Food_17_overhead_knife,custom,custom,deep-learning,none,overhead,knife,True,201.85,252.31,274.0,395.0,0.8,True,,,,,0,1.9,
Food_17_overhead_spoon,custom,custom,monocular-geometric,utensil_nlp,overhead,spoon,True,629.5,856.01,274.0,395.0,0.8,False,,high,utensil,0.7143,2,2.4,
Food_17_overhead_spoon,custom,custom,monocular-geometric,utensil_notext,overhead,spoon,True,666.08,832.6,274.0,395.0,0.8,True,,high,utensil,0.7143,1,1.5,
Food_17_overhead_spoon,custom,custom,monocular-geometric,sizeprior_nlp,overhead,spoon,True,398.7,542.23,274.0,395.0,0.8,False,,high,size_prior,0.6145,2,2.3,
Food_17_overhead_spoon,custom,custom,monocular-geometric,sizeprior_notext,overhead,spoon,True,403.25,504.06,274.0,395.0,0.8,True,,high,size_prior,0.5989,1,2.0,
Food_17_overhead_spoon,custom,custom,deep-learning,none,overhead,spoon,True,231.69,289.61,274.0,395.0,0.8,True,,,,,0,1.9,
Food_17_side_left_fork,custom,custom,monocular-geometric,utensil_nlp,side_left,fork,True,355.7,481.8,274.0,395.0,0.8,False,,low,utensil,0.8002,2,2.5,
Food_17_side_left_fork,custom,custom,monocular-geometric,utensil_notext,side_left,fork,True,399.5,499.38,274.0,395.0,0.8,True,,medium,utensil,0.8002,1,1.7,
Food_17_side_left_fork,custom,custom,monocular-geometric,sizeprior_nlp,side_left,fork,True,220.6,298.79,274.0,395.0,0.8,False,,low,size_prior,0.6824,2,2.4,
Food_17_side_left_fork,custom,custom,monocular-geometric,sizeprior_notext,side_left,fork,True,247.84,309.8,274.0,395.0,0.8,True,,medium,size_prior,0.6853,1,2.2,
Food_17_side_left_fork,custom,custom,deep-learning,none,side_left,fork,True,146.23,182.79,274.0,395.0,0.8,True,,,,,0,2.1,
Food_17_side_left_knife,custom,custom,monocular-geometric,utensil_nlp,side_left,knife,True,316.4,429.69,274.0,395.0,0.8,False,,medium,utensil,0.8339,2,2.5,
Food_17_side_left_knife,custom,custom,monocular-geometric,utensil_notext,side_left,knife,True,347.69,434.61,274.0,395.0,0.8,True,,medium,utensil,0.8339,1,1.7,
Food_17_side_left_knife,custom,custom,monocular-geometric,sizeprior_nlp,side_left,knife,True,234.1,317.8,274.0,395.0,0.8,False,,medium,size_prior,0.7535,2,2.4,
Food_17_side_left_knife,custom,custom,monocular-geometric,sizeprior_notext,side_left,knife,True,258.83,323.54,274.0,395.0,0.8,True,,medium,size_prior,0.7562,1,2.2,
Food_17_side_left_knife,custom,custom,deep-learning,none,side_left,knife,True,162.01,202.51,274.0,395.0,0.8,True,,,,,0,2.1,
Food_17_side_left_spoon,custom,custom,monocular-geometric,utensil_nlp,side_left,spoon,True,381.9,517.46,274.0,395.0,0.8,False,,medium,utensil,0.8445,2,2.5,
Food_17_side_left_spoon,custom,custom,monocular-geometric,utensil_notext,side_left,spoon,True,410.59,513.24,274.0,395.0,0.8,True,,medium,utensil,0.8445,1,1.6,
Food_17_side_left_spoon,custom,custom,monocular-geometric,sizeprior_nlp,side_left,spoon,True,281.8,381.79,274.0,395.0,0.8,False,,medium,size_prior,0.7636,2,2.4,
Food_17_side_left_spoon,custom,custom,monocular-geometric,sizeprior_notext,side_left,spoon,True,306.46,383.07,274.0,395.0,0.8,True,,medium,size_prior,0.7653,1,2.3,
Food_17_side_left_spoon,custom,custom,deep-learning,none,side_left,spoon,True,181.49,226.86,274.0,395.0,0.8,True,,,,,0,2.1,
Food_17_side_right_fork,custom,custom,monocular-geometric,utensil_nlp,side_right,fork,True,307.2,416.73,274.0,395.0,0.8,False,,medium,utensil,0.7913,2,2.5,
Food_17_side_right_fork,custom,custom,monocular-geometric,utensil_notext,side_right,fork,True,338.79,423.49,274.0,395.0,0.8,True,,medium,utensil,0.7913,1,1.7,
Food_17_side_right_fork,custom,custom,monocular-geometric,sizeprior_nlp,side_right,fork,True,394.2,534.84,274.0,395.0,0.8,False,,medium,size_prior,0.8604,2,2.4,
Food_17_side_right_fork,custom,custom,monocular-geometric,sizeprior_notext,side_right,fork,True,406.99,508.74,274.0,395.0,0.8,True,,medium,size_prior,0.8408,1,2.2,
Food_17_side_right_fork,custom,custom,deep-learning,none,side_right,fork,True,181.14,226.42,274.0,395.0,0.8,True,,,,,0,2.2,
Food_17_side_right_knife,custom,custom,monocular-geometric,utensil_nlp,side_right,knife,True,396.4,537.43,274.0,395.0,0.8,False,,high,utensil,0.7905,2,2.5,
Food_17_side_right_knife,custom,custom,monocular-geometric,utensil_notext,side_right,knife,True,429.87,537.34,274.0,395.0,0.8,True,,high,utensil,0.7905,1,1.7,
Food_17_side_right_knife,custom,custom,monocular-geometric,sizeprior_nlp,side_right,knife,True,322.1,436.72,274.0,395.0,0.8,False,,high,size_prior,0.738,2,2.4,
Food_17_side_right_knife,custom,custom,monocular-geometric,sizeprior_notext,side_right,knife,True,331.06,413.83,274.0,395.0,0.8,True,,high,size_prior,0.7269,1,2.2,
Food_17_side_right_knife,custom,custom,deep-learning,none,side_right,knife,True,133.57,166.96,274.0,395.0,0.8,True,,,,,0,2.1,
Food_17_side_right_spoon,custom,custom,monocular-geometric,utensil_nlp,side_right,spoon,True,491.9,667.62,274.0,395.0,0.8,False,,high,utensil,0.7868,2,2.5,
Food_17_side_right_spoon,custom,custom,monocular-geometric,utensil_notext,side_right,spoon,True,533.76,667.2,274.0,395.0,0.8,True,,high,utensil,0.7868,1,1.6,
Food_17_side_right_spoon,custom,custom,monocular-geometric,sizeprior_nlp,side_right,spoon,True,153.3,208.04,274.0,395.0,0.8,False,,high,size_prior,0.5342,2,2.4,
Food_17_side_right_spoon,custom,custom,monocular-geometric,sizeprior_notext,side_right,spoon,True,158.98,198.73,274.0,395.0,0.8,True,,high,size_prior,0.526,1,2.3,
Food_17_side_right_spoon,custom,custom,deep-learning,none,side_right,spoon,True,144.59,180.74,274.0,395.0,0.8,True,,,,,0,2.1,
Food_17_tilt_fork,custom,custom,monocular-geometric,utensil_nlp,tilt,fork,True,376.6,508.49,274.0,395.0,0.8,False,,medium,utensil,0.7961,2,2.5,
Food_17_tilt_fork,custom,custom,monocular-geometric,utensil_notext,tilt,fork,True,410.25,512.81,274.0,395.0,0.8,True,,medium,utensil,0.7961,1,1.6,
Food_17_tilt_fork,custom,custom,monocular-geometric,sizeprior_nlp,tilt,fork,True,239.8,323.75,274.0,395.0,0.8,False,,medium,size_prior,0.685,2,2.4,
Food_17_tilt_fork,custom,custom,monocular-geometric,sizeprior_notext,tilt,fork,True,248.31,310.39,274.0,395.0,0.8,True,,medium,size_prior,0.6734,1,2.2,
Food_17_tilt_fork,custom,custom,deep-learning,none,tilt,fork,True,160.02,200.03,274.0,395.0,0.8,True,,,,,0,2.1,
Food_17_tilt_knife,custom,custom,monocular-geometric,utensil_nlp,tilt,knife,True,479.4,651.72,274.0,395.0,0.8,False,,high,utensil,0.6403,2,2.5,
Food_17_tilt_knife,custom,custom,monocular-geometric,utensil_notext,tilt,knife,True,502.17,627.71,274.0,395.0,0.8,True,,high,utensil,0.6403,1,1.6,
Food_17_tilt_knife,custom,custom,monocular-geometric,sizeprior_nlp,tilt,knife,True,362.0,492.14,274.0,395.0,0.8,False,,high,size_prior,0.5827,2,2.4,
Food_17_tilt_knife,custom,custom,monocular-geometric,sizeprior_notext,tilt,knife,True,349.54,436.92,274.0,395.0,0.8,True,,high,size_prior,0.5611,1,2.2,
Food_17_tilt_knife,custom,custom,deep-learning,none,tilt,knife,True,173.46,216.82,274.0,395.0,0.8,True,,,,,0,2.0,
Food_17_tilt_spoon,custom,custom,monocular-geometric,utensil_nlp,tilt,spoon,True,619.0,839.82,274.0,395.0,0.8,False,,high,utensil,0.7992,2,2.5,
Food_17_tilt_spoon,custom,custom,monocular-geometric,utensil_notext,tilt,spoon,True,687.77,859.71,274.0,395.0,0.8,True,,high,utensil,0.7992,1,1.6,
Food_17_tilt_spoon,custom,custom,monocular-geometric,sizeprior_nlp,tilt,spoon,True,349.9,475.12,274.0,395.0,0.8,False,,high,size_prior,0.6612,2,2.4,
Food_17_tilt_spoon,custom,custom,monocular-geometric,sizeprior_notext,tilt,spoon,True,356.3,445.37,274.0,395.0,0.8,True,,high,size_prior,0.6481,1,2.2,
Food_17_tilt_spoon,custom,custom,deep-learning,none,tilt,spoon,True,186.76,233.45,274.0,395.0,0.8,True,,,,,0,2.1,
Food_17_mv_fork,custom,custom,multi-view,utensil_notext,multiview,fork,True,602.39,752.99,274.0,395.0,0.8,True,,,utensil,,0,14.8,
Food_17_mv_fork,custom,custom,multi-view,sizeprior_notext,multiview,fork,True,249.32,311.65,274.0,395.0,0.8,True,,,size_prior,,0,15.3,
Food_17_mv_knife,custom,custom,multi-view,utensil_notext,multiview,knife,True,741.91,927.39,274.0,395.0,0.8,True,,,utensil,,0,14.8,
Food_17_mv_knife,custom,custom,multi-view,sizeprior_notext,multiview,knife,True,318.49,398.11,274.0,395.0,0.8,True,,,size_prior,,0,15.2,
Food_17_mv_spoon,custom,custom,multi-view,utensil_notext,multiview,spoon,True,791.95,989.94,274.0,395.0,0.8,True,,,utensil,,0,15.0,
Food_17_mv_spoon,custom,custom,multi-view,sizeprior_notext,multiview,spoon,True,333.55,416.94,274.0,395.0,0.8,True,,,size_prior,,0,15.3,
Food_18_overhead_fork,custom,custom,monocular-geometric,utensil_nlp,overhead,fork,True,245.4,278.84,179.0,193.05,0.8,False,,high,utensil,0.6985,1,2.4,
Food_18_overhead_fork,custom,custom,monocular-geometric,utensil_notext,overhead,fork,True,224.03,280.04,179.0,193.05,0.8,True,,high,utensil,0.6985,1,1.8,
Food_18_overhead_fork,custom,custom,monocular-geometric,sizeprior_nlp,overhead,fork,True,153.5,174.49,179.0,193.05,0.8,False,,high,size_prior,0.5958,1,2.2,
Food_18_overhead_fork,custom,custom,monocular-geometric,sizeprior_notext,overhead,fork,True,139.06,173.83,179.0,193.05,0.8,True,,high,size_prior,0.5948,1,2.3,
Food_18_overhead_fork,custom,custom,deep-learning,none,overhead,fork,True,174.01,217.51,179.0,193.05,0.8,True,,,,,0,2.1,
Food_18_overhead_knife,custom,custom,monocular-geometric,utensil_nlp,overhead,knife,True,314.0,356.83,179.0,193.05,0.8,False,,high,utensil,0.7154,1,2.3,
Food_18_overhead_knife,custom,custom,monocular-geometric,utensil_notext,overhead,knife,True,288.6,360.75,179.0,193.05,0.8,True,,high,utensil,0.7154,1,1.7,
Food_18_overhead_knife,custom,custom,monocular-geometric,sizeprior_nlp,overhead,knife,True,137.9,156.75,179.0,193.05,0.8,False,,high,size_prior,0.5408,1,2.1,
Food_18_overhead_knife,custom,custom,monocular-geometric,sizeprior_notext,overhead,knife,True,126.1,157.63,179.0,193.05,0.8,True,,high,size_prior,0.5404,1,2.2,
Food_18_overhead_knife,custom,custom,deep-learning,none,overhead,knife,True,181.12,226.4,179.0,193.05,0.8,True,,,,,0,2.1,
Food_18_overhead_spoon,custom,custom,monocular-geometric,utensil_nlp,overhead,spoon,True,326.9,371.52,179.0,193.05,0.8,False,,high,utensil,0.7913,1,2.3,
Food_18_overhead_spoon,custom,custom,monocular-geometric,utensil_notext,overhead,spoon,True,308.38,385.48,179.0,193.05,0.8,True,,high,utensil,0.7913,1,1.7,
Food_18_overhead_spoon,custom,custom,monocular-geometric,sizeprior_nlp,overhead,spoon,True,120.4,136.76,179.0,193.05,0.8,False,,high,size_prior,0.5573,1,2.2,
Food_18_overhead_spoon,custom,custom,monocular-geometric,sizeprior_notext,overhead,spoon,True,110.72,138.4,179.0,193.05,0.8,True,,high,size_prior,0.5566,1,2.4,
Food_18_overhead_spoon,custom,custom,deep-learning,none,overhead,spoon,True,178.23,222.79,179.0,193.05,0.8,True,,,,,0,2.2,
Food_18_side_left_fork,custom,custom,monocular-geometric,utensil_nlp,side_left,fork,True,255.2,290.04,179.0,193.05,0.8,False,,low,utensil,0.8201,1,2.3,
Food_18_side_left_fork,custom,custom,monocular-geometric,utensil_notext,side_left,fork,True,230.57,288.21,179.0,193.05,0.8,True,,low,utensil,0.8201,1,1.8,
Food_18_side_left_fork,custom,custom,monocular-geometric,sizeprior_nlp,side_left,fork,True,119.6,135.95,179.0,193.05,0.8,False,,low,size_prior,0.6422,1,2.2,
Food_18_side_left_fork,custom,custom,monocular-geometric,sizeprior_notext,side_left,fork,True,108.31,135.39,179.0,193.05,0.8,True,,low,size_prior,0.6397,1,2.4,
Food_18_side_left_fork,custom,custom,deep-learning,none,side_left,fork,True,139.94,174.92,179.0,193.05,0.8,True,,,,,0,2.3,
Food_18_side_left_knife,custom,custom,monocular-geometric,utensil_nlp,side_left,knife,True,293.6,333.61,179.0,193.05,0.8,False,,medium,utensil,0.9022,1,2.3,
Food_18_side_left_knife,custom,custom,monocular-geometric,utensil_notext,side_left,knife,True,274.18,342.72,179.0,193.05,0.8,True,,medium,utensil,0.9022,1,1.8,
Food_18_side_left_knife,custom,custom,monocular-geometric,sizeprior_nlp,side_left,knife,True,79.2,89.95,179.0,193.05,0.8,False,,low,size_prior,0.5891,1,2.2,
Food_18_side_left_knife,custom,custom,monocular-geometric,sizeprior_notext,side_left,knife,True,70.92,88.65,179.0,193.05,0.8,True,,low,size_prior,0.5879,1,2.4,
Food_18_side_left_knife,custom,custom,deep-learning,none,side_left,knife,True,134.69,168.36,179.0,193.05,0.8,True,,,,,0,2.3,
Food_18_side_left_spoon,custom,custom,monocular-geometric,utensil_nlp,side_left,spoon,True,382.9,435.11,179.0,193.05,0.8,False,,medium,utensil,0.9404,1,2.3,
Food_18_side_left_spoon,custom,custom,monocular-geometric,utensil_notext,side_left,spoon,True,349.86,437.33,179.0,193.05,0.8,True,,medium,utensil,0.9404,1,2.0,
Food_18_side_left_spoon,custom,custom,monocular-geometric,sizeprior_nlp,side_left,spoon,True,186.9,212.36,179.0,193.05,0.8,False,,medium,size_prior,0.7407,1,2.2,
Food_18_side_left_spoon,custom,custom,monocular-geometric,sizeprior_notext,side_left,spoon,True,167.21,209.01,179.0,193.05,0.8,True,,medium,size_prior,0.7371,1,2.6,
Food_18_side_left_spoon,custom,custom,deep-learning,none,side_left,spoon,True,157.4,196.75,179.0,193.05,0.8,True,,,,,0,2.5,
Food_18_side_right_fork,custom,custom,monocular-geometric,utensil_nlp,side_right,fork,True,224.7,255.34,179.0,193.05,0.8,False,,high,utensil,0.7697,1,2.2,
Food_18_side_right_fork,custom,custom,monocular-geometric,utensil_notext,side_right,fork,True,215.14,268.92,179.0,193.05,0.8,True,,high,utensil,0.7697,1,1.8,
Food_18_side_right_fork,custom,custom,monocular-geometric,sizeprior_nlp,side_right,fork,True,75.0,85.22,179.0,193.05,0.8,False,,high,size_prior,0.5316,1,2.2,
Food_18_side_right_fork,custom,custom,monocular-geometric,sizeprior_notext,side_right,fork,True,67.92,84.9,179.0,193.05,0.8,True,,high,size_prior,0.5312,1,2.4,
Food_18_side_right_fork,custom,custom,deep-learning,none,side_right,fork,True,124.61,155.76,179.0,193.05,0.8,True,,,,,0,2.2,
Food_18_side_right_knife,custom,custom,monocular-geometric,utensil_nlp,side_right,knife,True,239.2,271.86,179.0,193.05,0.8,False,,high,utensil,0.8691,1,2.3,
Food_18_side_right_knife,custom,custom,monocular-geometric,utensil_notext,side_right,knife,True,213.69,267.11,179.0,193.05,0.8,True,,high,utensil,0.8691,1,1.7,
Food_18_side_right_knife,custom,custom,monocular-geometric,sizeprior_nlp,side_right,knife,True,97.1,110.33,179.0,193.05,0.8,False,,high,size_prior,0.6456,1,2.2,
Food_18_side_right_knife,custom,custom,monocular-geometric,sizeprior_notext,side_right,knife,True,88.56,110.7,179.0,193.05,0.8,True,,high,size_prior,0.6466,1,2.4,
Food_18_side_right_knife,custom,custom,deep-learning,none,side_right,knife,True,131.15,163.94,179.0,193.05,0.8,True,,,,,0,2.1,
Food_18_side_right_spoon,custom,custom,monocular-geometric,utensil_nlp,side_right,spoon,True,328.8,373.64,179.0,193.05,0.8,False,,high,utensil,0.9316,1,2.2,
Food_18_side_right_spoon,custom,custom,monocular-geometric,utensil_notext,side_right,spoon,True,302.86,378.57,179.0,193.05,0.8,True,,high,utensil,0.9316,1,1.8,
Food_18_side_right_spoon,custom,custom,monocular-geometric,sizeprior_nlp,side_right,spoon,True,117.2,133.21,179.0,193.05,0.8,False,,high,size_prior,0.6726,1,2.2,
Food_18_side_right_spoon,custom,custom,monocular-geometric,sizeprior_notext,side_right,spoon,True,107.95,134.94,179.0,193.05,0.8,True,,high,size_prior,0.6716,1,2.4,
Food_18_side_right_spoon,custom,custom,deep-learning,none,side_right,spoon,True,138.1,172.62,179.0,193.05,0.8,True,,,,,0,2.2,
Food_18_tilt_fork,custom,custom,monocular-geometric,utensil_nlp,tilt,fork,True,253.7,288.29,179.0,193.05,0.8,False,,high,utensil,0.8061,1,2.3,
Food_18_tilt_fork,custom,custom,monocular-geometric,utensil_notext,tilt,fork,True,242.04,302.55,179.0,193.05,0.8,True,,high,utensil,0.8061,1,1.7,
Food_18_tilt_fork,custom,custom,monocular-geometric,sizeprior_nlp,tilt,fork,True,119.5,135.82,179.0,193.05,0.8,False,,high,size_prior,0.6255,1,2.0,
Food_18_tilt_fork,custom,custom,monocular-geometric,sizeprior_notext,tilt,fork,True,112.66,140.83,179.0,193.05,0.8,True,,high,size_prior,0.6239,1,2.3,
Food_18_tilt_fork,custom,custom,deep-learning,none,tilt,fork,True,159.47,199.34,179.0,193.05,0.8,True,,,,,0,2.1,
Food_18_tilt_knife,custom,custom,monocular-geometric,utensil_nlp,tilt,knife,True,321.7,365.55,179.0,193.05,0.8,False,,high,utensil,0.9071,1,2.2,
Food_18_tilt_knife,custom,custom,monocular-geometric,utensil_notext,tilt,knife,True,281.81,352.26,179.0,193.05,0.8,True,,high,utensil,0.9071,1,1.8,
Food_18_tilt_knife,custom,custom,monocular-geometric,sizeprior_nlp,tilt,knife,True,88.7,100.79,179.0,193.05,0.8,False,,high,size_prior,0.5871,1,2.2,
Food_18_tilt_knife,custom,custom,monocular-geometric,sizeprior_notext,tilt,knife,True,82.73,103.41,179.0,193.05,0.8,True,,high,size_prior,0.5861,1,2.3,
Food_18_tilt_knife,custom,custom,deep-learning,none,tilt,knife,True,140.34,175.42,179.0,193.05,0.8,True,,,,,0,2.2,
Food_18_tilt_spoon,custom,custom,monocular-geometric,utensil_nlp,tilt,spoon,True,295.9,336.28,179.0,193.05,0.8,False,,medium,utensil,0.9258,1,2.2,
Food_18_tilt_spoon,custom,custom,monocular-geometric,utensil_notext,tilt,spoon,True,273.57,341.96,179.0,193.05,0.8,True,,medium,utensil,0.9258,1,1.8,
Food_18_tilt_spoon,custom,custom,monocular-geometric,sizeprior_nlp,tilt,spoon,True,104.2,118.44,179.0,193.05,0.8,False,,medium,size_prior,0.656,1,2.2,
Food_18_tilt_spoon,custom,custom,monocular-geometric,sizeprior_notext,tilt,spoon,True,94.78,118.47,179.0,193.05,0.8,True,,medium,size_prior,0.6543,1,2.4,
Food_18_tilt_spoon,custom,custom,deep-learning,none,tilt,spoon,True,153.82,192.27,179.0,193.05,0.8,True,,,,,0,2.4,
Food_18_mv_fork,custom,custom,multi-view,utensil_notext,multiview,fork,True,419.29,524.11,179.0,193.05,0.8,True,,,utensil,,0,15.1,
Food_18_mv_fork,custom,custom,multi-view,sizeprior_notext,multiview,fork,True,142.73,178.41,179.0,193.05,0.8,True,,,size_prior,,0,16.0,
Food_18_mv_knife,custom,custom,multi-view,utensil_notext,multiview,knife,True,552.05,690.06,179.0,193.05,0.8,True,,,utensil,,0,14.7,
Food_18_mv_knife,custom,custom,multi-view,sizeprior_notext,multiview,knife,True,108.08,135.1,179.0,193.05,0.8,True,,,size_prior,,0,15.0,
Food_18_mv_spoon,custom,custom,multi-view,utensil_notext,multiview,spoon,True,533.53,666.91,179.0,193.05,0.8,True,,,utensil,,0,15.7,
Food_18_mv_spoon,custom,custom,multi-view,sizeprior_notext,multiview,spoon,True,118.02,147.52,179.0,193.05,0.8,True,,,size_prior,,0,17.0,
Food_19_overhead_fork,custom,custom,monocular-geometric,utensil_nlp,overhead,fork,True,223.8,254.29,179.0,193.05,0.8,False,,high,utensil,0.7489,1,2.4,
Food_19_overhead_fork,custom,custom,monocular-geometric,utensil_notext,overhead,fork,True,199.18,248.97,179.0,193.05,0.8,True,,high,utensil,0.7489,1,1.7,
Food_19_overhead_fork,custom,custom,monocular-geometric,sizeprior_nlp,overhead,fork,True,103.7,117.79,179.0,193.05,0.8,False,,high,size_prior,0.5792,1,2.3,
Food_19_overhead_fork,custom,custom,monocular-geometric,sizeprior_notext,overhead,fork,True,95.16,118.95,179.0,193.05,0.8,True,,high,size_prior,0.5806,1,2.3,
Food_19_overhead_fork,custom,custom,deep-learning,none,overhead,fork,True,167.1,208.87,179.0,193.05,0.8,True,,,,,0,2.1,
Food_19_overhead_knife,custom,custom,monocular-geometric,utensil_nlp,overhead,knife,True,235.4,267.53,179.0,193.05,0.8,False,,high,utensil,0.7583,1,2.2,
Food_19_overhead_knife,custom,custom,monocular-geometric,utensil_notext,overhead,knife,True,227.88,284.85,179.0,193.05,0.8,True,,high,utensil,0.7583,1,1.6,
Food_19_overhead_knife,custom,custom,monocular-geometric,sizeprior_nlp,overhead,knife,True,80.8,91.8,179.0,193.05,0.8,False,,high,size_prior,0.5164,1,2.1,
Food_19_overhead_knife,custom,custom,monocular-geometric,sizeprior_notext,overhead,knife,True,72.2,90.25,179.0,193.05,0.8,True,,high,size_prior,0.5164,1,2.2,
Food_19_overhead_knife,custom,custom,deep-learning,none,overhead,knife,True,168.79,210.99,179.0,193.05,0.8,True,,,,,0,2.0,
Food_19_overhead_spoon,custom,custom,monocular-geometric,utensil_nlp,overhead,spoon,True,324.0,368.17,179.0,193.05,0.8,False,,high,utensil,0.8167,1,2.2,
Food_19_overhead_spoon,custom,custom,monocular-geometric,utensil_notext,overhead,spoon,True,294.48,368.1,179.0,193.05,0.8,True,,high,utensil,0.8167,1,1.5,
Food_19_overhead_spoon,custom,custom,monocular-geometric,sizeprior_nlp,overhead,spoon,True,109.4,124.31,179.0,193.05,0.8,False,,high,size_prior,0.5572,1,2.1,
Food_19_overhead_spoon,custom,custom,monocular-geometric,sizeprior_notext,overhead,spoon,True,97.34,121.67,179.0,193.05,0.8,True,,high,size_prior,0.5582,1,2.2,
Food_19_overhead_spoon,custom,custom,deep-learning,none,overhead,spoon,True,179.74,224.68,179.0,193.05,0.8,True,,,,,0,2.2,
Food_19_side_left_fork,custom,custom,monocular-geometric,utensil_nlp,side_left,fork,True,206.3,234.48,179.0,193.05,0.8,False,,low,utensil,0.8496,1,2.2,
Food_19_side_left_fork,custom,custom,monocular-geometric,utensil_notext,side_left,fork,True,189.68,237.1,179.0,193.05,0.8,True,,low,utensil,0.8496,1,1.7,
Food_19_side_left_fork,custom,custom,monocular-geometric,sizeprior_nlp,side_left,fork,True,62.2,70.64,179.0,193.05,0.8,False,,low,size_prior,0.5682,1,2.2,
Food_19_side_left_fork,custom,custom,monocular-geometric,sizeprior_notext,side_left,fork,True,56.94,71.18,179.0,193.05,0.8,True,,low,size_prior,0.57,1,2.5,
Food_19_side_left_fork,custom,custom,deep-learning,none,side_left,fork,True,144.73,180.91,179.0,193.05,0.8,True,,,,,0,2.1,
Food_19_side_left_knife,custom,custom,monocular-geometric,utensil_nlp,side_left,knife,True,233.1,264.92,179.0,193.05,0.8,False,,medium,utensil,0.9505,1,2.2,
Food_19_side_left_knife,custom,custom,monocular-geometric,utensil_notext,side_left,knife,True,211.62,264.52,179.0,193.05,0.8,True,,medium,utensil,0.9505,1,1.6,
Food_19_side_left_knife,custom,custom,monocular-geometric,sizeprior_nlp,side_left,knife,True,97.4,110.63,179.0,193.05,0.8,False,,medium,size_prior,0.711,1,2.2,
Food_19_side_left_knife,custom,custom,monocular-geometric,sizeprior_notext,side_left,knife,True,89.86,112.32,179.0,193.05,0.8,True,,medium,size_prior,0.7126,1,2.2,
Food_19_side_left_knife,custom,custom,deep-learning,none,side_left,knife,True,132.31,165.39,179.0,193.05,0.8,True,,,,,0,2.1,
Food_19_side_left_spoon,custom,custom,monocular-geometric,utensil_nlp,side_left,spoon,True,317.5,360.85,179.0,193.05,0.8,False,,low,utensil,0.9984,1,2.2,
Food_19_side_left_spoon,custom,custom,monocular-geometric,utensil_notext,side_left,spoon,True,286.5,358.13,179.0,193.05,0.8,True,,low,utensil,0.9984,1,1.6,
Food_19_side_left_spoon,custom,custom,monocular-geometric,sizeprior_nlp,side_left,spoon,True,76.2,86.54,179.0,193.05,0.8,False,,low,size_prior,0.6206,1,2.2,
Food_19_side_left_spoon,custom,custom,monocular-geometric,sizeprior_notext,side_left,spoon,True,71.08,88.85,179.0,193.05,0.8,True,,low,size_prior,0.6223,1,2.4,
Food_19_side_left_spoon,custom,custom,deep-learning,none,side_left,spoon,True,150.22,187.77,179.0,193.05,0.8,True,,,,,0,2.2,
Food_19_side_right_fork,custom,custom,monocular-geometric,utensil_nlp,side_right,fork,True,217.5,247.11,179.0,193.05,0.8,False,,high,utensil,0.8377,1,2.3,
Food_19_side_right_fork,custom,custom,monocular-geometric,utensil_notext,side_right,fork,True,194.75,243.44,179.0,193.05,0.8,True,,high,utensil,0.8377,1,1.7,
Food_19_side_right_fork,custom,custom,monocular-geometric,sizeprior_nlp,side_right,fork,True,62.7,71.26,179.0,193.05,0.8,False,,high,size_prior,0.5577,1,2.2,
Food_19_side_right_fork,custom,custom,monocular-geometric,sizeprior_notext,side_right,fork,True,57.33,71.66,179.0,193.05,0.8,True,,high,size_prior,0.5586,1,2.3,
Food_19_side_right_fork,custom,custom,deep-learning,none,side_right,fork,True,125.0,156.25,179.0,193.05,0.8,True,,,,,0,2.1,
Food_19_side_right_knife,custom,custom,monocular-geometric,utensil_nlp,side_right,knife,True,238.1,270.6,179.0,193.05,0.8,False,,high,utensil,0.878,1,2.3,
Food_19_side_right_knife,custom,custom,monocular-geometric,utensil_notext,side_right,knife,True,214.53,268.16,179.0,193.05,0.8,True,,high,utensil,0.878,1,1.7,
Food_19_side_right_knife,custom,custom,monocular-geometric,sizeprior_nlp,side_right,knife,True,73.5,83.53,179.0,193.05,0.8,False,,high,size_prior,0.6033,1,2.2,
Food_19_side_right_knife,custom,custom,monocular-geometric,sizeprior_notext,side_right,knife,True,66.79,83.49,179.0,193.05,0.8,True,,high,size_prior,0.6033,1,2.4,
Food_19_side_right_knife,custom,custom,deep-learning,none,side_right,knife,True,129.64,162.05,179.0,193.05,0.8,True,,,,,0,2.3,
Food_19_side_right_spoon,custom,custom,monocular-geometric,utensil_nlp,side_right,spoon,True,286.5,325.59,179.0,193.05,0.8,False,,high,utensil,0.8576,1,2.2,
Food_19_side_right_spoon,custom,custom,monocular-geometric,utensil_notext,side_right,spoon,True,278.98,348.73,179.0,193.05,0.8,True,,high,utensil,0.8576,1,1.7,
Food_19_side_right_spoon,custom,custom,monocular-geometric,sizeprior_nlp,side_right,spoon,True,84.0,95.43,179.0,193.05,0.8,False,,high,size_prior,0.5653,1,2.2,
Food_19_side_right_spoon,custom,custom,monocular-geometric,sizeprior_notext,side_right,spoon,True,75.88,94.85,179.0,193.05,0.8,True,,high,size_prior,0.5655,1,2.4,
Food_19_side_right_spoon,custom,custom,deep-learning,none,side_right,spoon,True,134.79,168.49,179.0,193.05,0.8,True,,,,,0,2.2,
Food_19_tilt_fork,custom,custom,monocular-geometric,utensil_nlp,tilt,fork,True,201.6,229.08,179.0,193.05,0.8,False,,medium,utensil,0.8588,1,2.2,
Food_19_tilt_fork,custom,custom,monocular-geometric,utensil_notext,tilt,fork,True,185.33,231.66,179.0,193.05,0.8,True,,medium,utensil,0.8588,1,1.7,
Food_19_tilt_fork,custom,custom,monocular-geometric,sizeprior_nlp,tilt,fork,True,54.4,61.77,179.0,193.05,0.8,False,,medium,size_prior,0.5483,1,2.2,
Food_19_tilt_fork,custom,custom,monocular-geometric,sizeprior_notext,tilt,fork,True,49.14,61.42,179.0,193.05,0.8,True,,medium,size_prior,0.5491,1,2.4,
Food_19_tilt_fork,custom,custom,deep-learning,none,tilt,fork,True,157.4,196.75,179.0,193.05,0.8,True,,,,,0,2.1,
Food_19_tilt_knife,custom,custom,monocular-geometric,utensil_nlp,tilt,knife,True,269.3,305.99,179.0,193.05,0.8,False,,medium,utensil,1.0539,1,2.2,
Food_19_tilt_knife,custom,custom,monocular-geometric,utensil_notext,tilt,knife,True,243.88,304.85,179.0,193.05,0.8,True,,medium,utensil,1.0539,1,1.7,
Food_19_tilt_knife,custom,custom,monocular-geometric,sizeprior_nlp,tilt,knife,True,97.9,111.3,179.0,193.05,0.8,False,,medium,size_prior,0.7605,1,2.2,
Food_19_tilt_knife,custom,custom,monocular-geometric,sizeprior_notext,tilt,knife,True,90.66,113.33,179.0,193.05,0.8,True,,medium,size_prior,0.7616,1,2.4,
Food_19_tilt_knife,custom,custom,deep-learning,none,tilt,knife,True,135.14,168.92,179.0,193.05,0.8,True,,,,,0,2.2,
Food_19_tilt_spoon,custom,custom,monocular-geometric,utensil_nlp,tilt,spoon,True,233.4,265.25,179.0,193.05,0.8,False,,medium,utensil,0.9905,1,2.2,
Food_19_tilt_spoon,custom,custom,monocular-geometric,utensil_notext,tilt,spoon,True,205.87,257.34,179.0,193.05,0.8,True,,medium,utensil,0.9905,1,1.7,
Food_19_tilt_spoon,custom,custom,monocular-geometric,sizeprior_nlp,tilt,spoon,True,65.3,74.21,179.0,193.05,0.8,False,,medium,size_prior,0.653,1,2.2,
Food_19_tilt_spoon,custom,custom,monocular-geometric,sizeprior_notext,tilt,spoon,True,59.67,74.59,179.0,193.05,0.8,True,,medium,size_prior,0.6534,1,2.4,
Food_19_tilt_spoon,custom,custom,deep-learning,none,tilt,spoon,True,164.63,205.79,179.0,193.05,0.8,True,,,,,0,2.2,
Food_19_mv_fork,custom,custom,multi-view,utensil_notext,multiview,fork,True,420.32,525.4,179.0,193.05,0.8,True,,,utensil,,0,14.6,
Food_19_mv_fork,custom,custom,multi-view,sizeprior_notext,multiview,fork,True,83.02,103.78,179.0,193.05,0.8,True,,,size_prior,,0,14.8,
Food_19_mv_knife,custom,custom,multi-view,utensil_notext,multiview,knife,True,545.15,681.44,179.0,193.05,0.8,True,,,utensil,,0,14.3,
Food_19_mv_knife,custom,custom,multi-view,sizeprior_notext,multiview,knife,True,146.49,183.11,179.0,193.05,0.8,True,,,size_prior,,0,15.1,
Food_19_mv_spoon,custom,custom,multi-view,utensil_notext,multiview,spoon,True,590.5,738.12,179.0,193.05,0.8,True,,,utensil,,0,14.4,
Food_19_mv_spoon,custom,custom,multi-view,sizeprior_notext,multiview,spoon,True,102.46,128.07,179.0,193.05,0.8,True,,,size_prior,,0,15.2,
Food_20_overhead_fork,custom,custom,monocular-geometric,utensil_nlp,overhead,fork,True,1041.9,1243.93,544.0,702.76,0.8,False,,low,utensil,0.8331,3,3.0,
Food_20_overhead_fork,custom,custom,monocular-geometric,utensil_notext,overhead,fork,True,992.58,1240.73,544.0,702.76,0.8,True,,medium,utensil,0.8331,1,1.6,
Food_20_overhead_fork,custom,custom,monocular-geometric,sizeprior_nlp,overhead,fork,True,623.2,744.06,544.0,702.76,0.8,False,,low,size_prior,0.7013,3,2.6,
Food_20_overhead_fork,custom,custom,monocular-geometric,sizeprior_notext,overhead,fork,True,596.14,745.17,544.0,702.76,0.8,True,,medium,size_prior,0.7027,1,2.1,
Food_20_overhead_fork,custom,custom,deep-learning,none,overhead,fork,True,140.52,175.65,544.0,702.76,0.8,True,,,,,0,2.0,
Food_20_overhead_knife,custom,custom,monocular-geometric,utensil_nlp,overhead,knife,True,1001.5,1270.54,544.0,702.76,0.8,False,,high,utensil,0.8898,3,2.6,
Food_20_overhead_knife,custom,custom,monocular-geometric,utensil_notext,overhead,knife,True,1009.46,1261.83,544.0,702.76,0.8,True,,high,utensil,0.8898,1,1.4,
Food_20_overhead_knife,custom,custom,monocular-geometric,sizeprior_nlp,overhead,knife,True,346.4,427.81,544.0,702.76,0.8,False,,high,size_prior,0.6085,3,2.6,
Food_20_overhead_knife,custom,custom,monocular-geometric,sizeprior_notext,overhead,knife,True,353.69,442.11,544.0,702.76,0.8,True,,high,size_prior,0.6084,1,2.0,
Food_20_overhead_knife,custom,custom,deep-learning,none,overhead,knife,True,146.81,183.51,544.0,702.76,0.8,True,,,,,0,1.9,
Food_20_overhead_spoon,custom,custom,monocular-geometric,utensil_nlp,overhead,spoon,True,1363.3,1687.29,544.0,702.76,0.8,False,,high,utensil,0.9382,3,2.6,
Food_20_overhead_spoon,custom,custom,monocular-geometric,utensil_notext,overhead,spoon,True,1319.9,1649.88,544.0,702.76,0.8,True,,high,utensil,0.9382,1,1.4,
Food_20_overhead_spoon,custom,custom,monocular-geometric,sizeprior_nlp,overhead,spoon,True,384.1,475.75,544.0,702.76,0.8,False,,high,size_prior,0.6142,3,2.5,
Food_20_overhead_spoon,custom,custom,monocular-geometric,sizeprior_notext,overhead,spoon,True,387.79,484.74,544.0,702.76,0.8,True,,high,size_prior,0.6144,1,2.1,
Food_20_overhead_spoon,custom,custom,deep-learning,none,overhead,spoon,True,152.19,190.24,544.0,702.76,0.8,True,,,,,0,1.9,
Food_20_side_left_fork,custom,custom,monocular-geometric,utensil_nlp,side_left,fork,True,1024.5,1220.03,544.0,702.76,0.8,False,,low,utensil,0.8242,3,2.7,
Food_20_side_left_fork,custom,custom,monocular-geometric,utensil_notext,side_left,fork,True,969.59,1211.99,544.0,702.76,0.8,True,,low,utensil,0.8242,1,1.5,
Food_20_side_left_fork,custom,custom,monocular-geometric,sizeprior_nlp,side_left,fork,True,235.8,282.64,544.0,702.76,0.8,False,,low,size_prior,0.5072,3,2.6,
Food_20_side_left_fork,custom,custom,monocular-geometric,sizeprior_notext,side_left,fork,True,228.65,285.81,544.0,702.76,0.8,True,,low,size_prior,0.5078,1,2.2,
Food_20_side_left_fork,custom,custom,deep-learning,none,side_left,fork,True,108.95,136.19,544.0,702.76,0.8,True,,,,,0,2.0,
Food_20_side_left_knife,custom,custom,monocular-geometric,utensil_nlp,side_left,knife,True,1079.2,1292.3,544.0,702.76,0.8,False,,low,utensil,0.9124,3,2.6,
Food_20_side_left_knife,custom,custom,monocular-geometric,utensil_notext,side_left,knife,True,1004.1,1255.13,544.0,702.76,0.8,True,,low,utensil,0.9124,1,1.5,
Food_20_side_left_knife,custom,custom,monocular-geometric,sizeprior_nlp,side_left,knife,True,483.6,580.72,544.0,702.76,0.8,False,,low,size_prior,0.7062,3,2.5,
Food_20_side_left_knife,custom,custom,monocular-geometric,sizeprior_notext,side_left,knife,True,465.02,581.27,544.0,702.76,0.8,True,,low,size_prior,0.7068,1,2.0,
Food_20_side_left_knife,custom,custom,deep-learning,none,side_left,knife,True,133.96,167.45,544.0,702.76,0.8,True,,,,,0,2.0,
Food_20_side_left_spoon,custom,custom,monocular-geometric,utensil_nlp,side_left,spoon,True,1317.2,1550.72,544.0,702.76,0.8,False,,low,utensil,0.9435,3,2.9,
Food_20_side_left_spoon,custom,custom,monocular-geometric,utensil_notext,side_left,spoon,True,1237.24,1546.55,544.0,702.76,0.8,True,,low,utensil,0.9435,1,1.5,
Food_20_side_left_spoon,custom,custom,monocular-geometric,sizeprior_nlp,side_left,spoon,True,335.0,393.94,544.0,702.76,0.8,False,,low,size_prior,0.6055,3,2.6,
Food_20_side_left_spoon,custom,custom,monocular-geometric,sizeprior_notext,side_left,spoon,True,314.6,393.25,544.0,702.76,0.8,True,,low,size_prior,0.6056,1,2.1,
Food_20_side_left_spoon,custom,custom,deep-learning,none,side_left,spoon,True,145.32,181.65,544.0,702.76,0.8,True,,,,,0,2.0,
Food_20_side_right_fork,custom,custom,monocular-geometric,utensil_nlp,side_right,fork,True,903.2,1080.65,544.0,702.76,0.8,False,,low,utensil,0.8609,3,2.8,
Food_20_side_right_fork,custom,custom,monocular-geometric,utensil_notext,side_right,fork,True,887.98,1109.98,544.0,702.76,0.8,True,,low,utensil,0.8609,1,1.6,
Food_20_side_right_fork,custom,custom,monocular-geometric,sizeprior_nlp,side_right,fork,True,398.8,475.64,544.0,702.76,0.8,False,,low,size_prior,0.6526,3,2.6,
Food_20_side_right_fork,custom,custom,monocular-geometric,sizeprior_notext,side_right,fork,True,384.9,481.13,544.0,702.76,0.8,True,,low,size_prior,0.653,1,2.1,
Food_20_side_right_fork,custom,custom,deep-learning,none,side_right,fork,True,142.46,178.07,544.0,702.76,0.8,True,,,,,0,2.0,
Food_20_side_right_knife,custom,custom,monocular-geometric,utensil_nlp,side_right,knife,True,1221.0,1463.08,544.0,702.76,0.8,False,,low,utensil,0.8524,3,2.8,
Food_20_side_right_knife,custom,custom,monocular-geometric,utensil_notext,side_right,knife,True,1129.26,1411.57,544.0,702.76,0.8,True,,low,utensil,0.8524,1,1.6,
Food_20_side_right_knife,custom,custom,monocular-geometric,sizeprior_nlp,side_right,knife,True,383.5,461.17,544.0,702.76,0.8,False,,low,size_prior,0.5839,3,2.6,
Food_20_side_right_knife,custom,custom,monocular-geometric,sizeprior_notext,side_right,knife,True,370.13,462.66,544.0,702.76,0.8,True,,low,size_prior,0.585,1,2.1,
Food_20_side_right_knife,custom,custom,deep-learning,none,side_right,knife,True,117.06,146.32,544.0,702.76,0.8,True,,,,,0,2.1,
Food_20_side_right_spoon,custom,custom,monocular-geometric,utensil_nlp,side_right,spoon,True,1417.9,1691.2,544.0,702.76,0.8,False,,low,utensil,0.8925,3,2.6,
Food_20_side_right_spoon,custom,custom,monocular-geometric,utensil_notext,side_right,spoon,True,1343.67,1679.59,544.0,702.76,0.8,True,,low,utensil,0.8925,1,1.5,
Food_20_side_right_spoon,custom,custom,monocular-geometric,sizeprior_nlp,side_right,spoon,True,329.8,397.78,544.0,702.76,0.8,False,,low,size_prior,0.549,3,2.7,
Food_20_side_right_spoon,custom,custom,monocular-geometric,sizeprior_notext,side_right,spoon,True,318.46,398.07,544.0,702.76,0.8,True,,low,size_prior,0.5504,1,2.1,
Food_20_side_right_spoon,custom,custom,deep-learning,none,side_right,spoon,True,111.8,139.75,544.0,702.76,0.8,True,,,,,0,2.0,
Food_20_tilt_fork,custom,custom,monocular-geometric,utensil_nlp,tilt,fork,True,621.0,811.03,544.0,702.76,0.8,False,,low,utensil,0.8273,3,2.7,
Food_20_tilt_fork,custom,custom,monocular-geometric,utensil_notext,tilt,fork,True,645.81,807.26,544.0,702.76,0.8,True,,low,utensil,0.8273,1,1.6,
Food_20_tilt_fork,custom,custom,monocular-geometric,sizeprior_nlp,tilt,fork,True,412.6,495.97,544.0,702.76,0.8,False,,low,size_prior,0.6479,3,2.5,
Food_20_tilt_fork,custom,custom,monocular-geometric,sizeprior_notext,tilt,fork,True,399.84,499.8,544.0,702.76,0.8,True,,low,size_prior,0.6479,1,2.1,
Food_20_tilt_fork,custom,custom,deep-learning,none,tilt,fork,True,137.5,171.88,544.0,702.76,0.8,True,,,,,0,2.0,
Food_20_tilt_knife,custom,custom,monocular-geometric,utensil_nlp,tilt,knife,True,664.3,884.65,544.0,702.76,0.8,False,,low,utensil,0.8826,3,2.7,
Food_20_tilt_knife,custom,custom,monocular-geometric,utensil_notext,tilt,knife,True,705.99,882.49,544.0,702.76,0.8,True,,low,utensil,0.8826,1,1.5,
Food_20_tilt_knife,custom,custom,monocular-geometric,sizeprior_nlp,tilt,knife,True,323.9,385.64,544.0,702.76,0.8,False,,low,size_prior,0.6083,3,2.5,
Food_20_tilt_knife,custom,custom,monocular-geometric,sizeprior_notext,tilt,knife,True,311.46,389.32,544.0,702.76,0.8,True,,low,size_prior,0.6086,1,2.0,
Food_20_tilt_knife,custom,custom,deep-learning,none,tilt,knife,True,145.43,181.79,544.0,702.76,0.8,True,,,,,0,2.0,
Food_20_tilt_spoon,custom,custom,monocular-geometric,utensil_nlp,tilt,spoon,True,276.5,602.29,544.0,702.76,0.8,False,,medium,utensil,0.9325,2,2.7,
Food_20_tilt_spoon,custom,custom,monocular-geometric,utensil_notext,tilt,spoon,True,895.89,1119.86,544.0,702.76,0.8,True,,low,utensil,0.9325,1,1.5,
Food_20_tilt_spoon,custom,custom,monocular-geometric,sizeprior_nlp,tilt,spoon,True,190.1,413.93,544.0,702.76,0.8,False,,medium,size_prior,0.8222,2,2.6,
Food_20_tilt_spoon,custom,custom,monocular-geometric,sizeprior_notext,tilt,spoon,True,393.3,491.62,544.0,702.76,0.8,True,,low,size_prior,0.6389,1,2.0,
Food_20_tilt_spoon,custom,custom,deep-learning,none,tilt,spoon,True,155.64,194.55,544.0,702.76,0.8,True,,,,,0,2.0,
Food_20_mv_fork,custom,custom,multi-view,utensil_notext,multiview,fork,True,700.62,875.78,544.0,702.76,0.8,True,,,utensil,,0,15.4,
Food_20_mv_fork,custom,custom,multi-view,sizeprior_notext,multiview,fork,True,214.01,267.51,544.0,702.76,0.8,True,,,size_prior,,0,15.9,
Food_20_mv_knife,custom,custom,multi-view,utensil_notext,multiview,knife,True,990.0,1237.5,544.0,702.76,0.8,True,,,utensil,,0,15.4,
Food_20_mv_knife,custom,custom,multi-view,sizeprior_notext,multiview,knife,True,167.23,209.04,544.0,702.76,0.8,True,,,size_prior,,0,15.4,
Food_20_mv_spoon,custom,custom,multi-view,utensil_notext,multiview,spoon,True,1301.62,1627.02,544.0,702.76,0.8,True,,,utensil,,0,15.4,
Food_20_mv_spoon,custom,custom,multi-view,sizeprior_notext,multiview,spoon,True,218.02,272.52,544.0,702.76,0.8,True,,,size_prior,,0,15.5,
Food_21_overhead_fork,custom,custom,monocular-geometric,utensil_nlp,overhead,fork,True,279.0,423.12,363.0,610.34,0.8,False,,high,utensil,0.6783,3,8.5,
Food_21_overhead_fork,custom,custom,monocular-geometric,utensil_notext,overhead,fork,True,343.37,429.21,363.0,610.34,0.8,True,,high,utensil,0.6783,1,1.9,
Food_21_overhead_fork,custom,custom,monocular-geometric,sizeprior_nlp,overhead,fork,True,213.5,323.92,363.0,610.34,0.8,False,,high,size_prior,0.6187,3,5.2,
Food_21_overhead_fork,custom,custom,monocular-geometric,sizeprior_notext,overhead,fork,True,248.87,311.09,363.0,610.34,0.8,True,,high,size_prior,0.6088,1,2.3,
Food_21_overhead_fork,custom,custom,deep-learning,none,overhead,fork,True,106.37,132.96,363.0,610.34,0.8,True,,,,,0,2.1,
Food_21_overhead_knife,custom,custom,monocular-geometric,utensil_nlp,overhead,knife,True,358.9,550.37,363.0,610.34,0.8,False,,high,utensil,0.7002,3,5.1,
Food_21_overhead_knife,custom,custom,monocular-geometric,utensil_notext,overhead,knife,True,452.4,565.5,363.0,610.34,0.8,True,,high,utensil,0.7002,1,2.4,
Food_21_overhead_knife,custom,custom,monocular-geometric,sizeprior_nlp,overhead,knife,True,305.1,467.74,363.0,610.34,0.8,False,,high,size_prior,0.6631,3,5.0,
Food_21_overhead_knife,custom,custom,monocular-geometric,sizeprior_notext,overhead,knife,True,353.62,442.02,363.0,610.34,0.8,True,,high,size_prior,0.6448,1,2.8,
Food_21_overhead_knife,custom,custom,deep-learning,none,overhead,knife,True,118.03,147.54,363.0,610.34,0.8,True,,,,,0,2.6,
Food_21_overhead_spoon,custom,custom,monocular-geometric,utensil_nlp,overhead,spoon,True,458.6,700.27,363.0,610.34,0.8,False,,high,utensil,0.7602,3,5.0,
Food_21_overhead_spoon,custom,custom,monocular-geometric,utensil_notext,overhead,spoon,True,578.1,722.62,363.0,610.34,0.8,True,,high,utensil,0.7602,1,2.2,
Food_21_overhead_spoon,custom,custom,monocular-geometric,sizeprior_nlp,overhead,spoon,True,251.1,383.39,363.0,610.34,0.8,False,,high,size_prior,0.6221,3,5.0,
Food_21_overhead_spoon,custom,custom,monocular-geometric,sizeprior_notext,overhead,spoon,True,286.5,358.12,363.0,610.34,0.8,True,,high,size_prior,0.6024,1,2.9,
Food_21_overhead_spoon,custom,custom,deep-learning,none,overhead,spoon,True,111.61,139.51,363.0,610.34,0.8,True,,,,,0,2.6,
Food_21_side_left_fork,custom,custom,monocular-geometric,utensil_nlp,side_left,fork,True,256.9,393.55,363.0,610.34,0.8,False,,medium,utensil,0.7956,3,4.4,
Food_21_side_left_fork,custom,custom,monocular-geometric,utensil_notext,side_left,fork,True,323.42,404.27,363.0,610.34,0.8,True,,medium,utensil,0.7956,1,1.9,
Food_21_side_left_fork,custom,custom,monocular-geometric,sizeprior_nlp,side_left,fork,True,154.1,236.02,363.0,610.34,0.8,False,,medium,size_prior,0.6709,3,4.3,
Food_21_side_left_fork,custom,custom,monocular-geometric,sizeprior_notext,side_left,fork,True,177.94,222.43,363.0,610.34,0.8,True,,medium,size_prior,0.6505,1,2.5,
Food_21_side_left_fork,custom,custom,deep-learning,none,side_left,fork,True,99.35,124.19,363.0,610.34,0.8,True,,,,,0,2.4,
Food_21_side_left_knife,custom,custom,monocular-geometric,utensil_nlp,side_left,knife,True,326.3,502.75,363.0,610.34,0.8,False,,medium,utensil,0.8333,3,5.0,
Food_21_side_left_knife,custom,custom,monocular-geometric,utensil_notext,side_left,knife,True,416.75,520.94,363.0,610.34,0.8,True,,medium,utensil,0.8333,1,2.0,
Food_21_side_left_knife,custom,custom,monocular-geometric,sizeprior_nlp,side_left,knife,True,265.5,408.87,363.0,610.34,0.8,False,,medium,size_prior,0.7761,3,4.8,
Food_21_side_left_knife,custom,custom,monocular-geometric,sizeprior_notext,side_left,knife,True,304.92,381.15,363.0,610.34,0.8,True,,medium,size_prior,0.7506,1,2.6,
Food_21_side_left_knife,custom,custom,deep-learning,none,side_left,knife,True,99.66,124.57,363.0,610.34,0.8,True,,,,,0,2.5,
Food_21_side_left_spoon,custom,custom,monocular-geometric,utensil_nlp,side_left,spoon,True,343.6,530.8,363.0,610.34,0.8,False,,low,utensil,0.895,3,4.4,
Food_21_side_left_spoon,custom,custom,monocular-geometric,utensil_notext,side_left,spoon,True,447.06,558.82,363.0,610.34,0.8,True,,low,utensil,0.895,1,1.7,
Food_21_side_left_spoon,custom,custom,monocular-geometric,sizeprior_nlp,side_left,spoon,True,173.0,267.24,363.0,610.34,0.8,False,,low,size_prior,0.7125,3,4.4,
Food_21_side_left_spoon,custom,custom,monocular-geometric,sizeprior_notext,side_left,spoon,True,205.04,256.3,363.0,610.34,0.8,True,,low,size_prior,0.6907,1,2.3,
Food_21_side_left_spoon,custom,custom,deep-learning,none,side_left,spoon,True,93.52,116.9,363.0,610.34,0.8,True,,,,,0,2.2,
Food_21_side_right_fork,custom,custom,monocular-geometric,utensil_nlp,side_right,fork,True,262.6,401.68,363.0,610.34,0.8,False,,medium,utensil,0.7023,3,4.4,
Food_21_side_right_fork,custom,custom,monocular-geometric,utensil_notext,side_right,fork,True,323.06,403.82,363.0,610.34,0.8,True,,medium,utensil,0.7023,1,1.7,
Food_21_side_right_fork,custom,custom,monocular-geometric,sizeprior_nlp,side_right,fork,True,177.9,272.25,363.0,610.34,0.8,False,,medium,size_prior,0.6143,3,4.2,
Food_21_side_right_fork,custom,custom,monocular-geometric,sizeprior_notext,side_right,fork,True,214.35,267.94,363.0,610.34,0.8,True,,medium,size_prior,0.6088,1,2.2,
Food_21_side_right_fork,custom,custom,deep-learning,none,side_right,fork,True,104.82,131.02,363.0,610.34,0.8,True,,,,,0,2.0,
Food_21_side_right_knife,custom,custom,monocular-geometric,utensil_nlp,side_right,knife,True,326.0,508.55,363.0,610.34,0.8,False,,low,utensil,0.8352,3,4.3,
Food_21_side_right_knife,custom,custom,monocular-geometric,utensil_notext,side_right,knife,True,423.78,529.72,363.0,610.34,0.8,True,,low,utensil,0.8352,1,2.1,
Food_21_side_right_knife,custom,custom,monocular-geometric,sizeprior_nlp,side_right,knife,True,239.4,373.63,363.0,610.34,0.8,False,,low,size_prior,0.7519,3,4.2,
Food_21_side_right_knife,custom,custom,monocular-geometric,sizeprior_notext,side_right,knife,True,287.37,359.21,363.0,610.34,0.8,True,,low,size_prior,0.7336,1,2.7,
Food_21_side_right_knife,custom,custom,deep-learning,none,side_right,knife,True,95.1,118.87,363.0,610.34,0.8,True,,,,,0,2.6,
Food_21_side_right_spoon,custom,custom,monocular-geometric,utensil_nlp,side_right,spoon,True,379.9,584.68,363.0,610.34,0.8,False,,medium,utensil,0.7112,3,4.3,
Food_21_side_right_spoon,custom,custom,monocular-geometric,utensil_notext,side_right,spoon,True,485.21,606.51,363.0,610.34,0.8,True,,medium,utensil,0.7112,1,2.1,
Food_21_side_right_spoon,custom,custom,monocular-geometric,sizeprior_nlp,side_right,spoon,True,165.1,254.18,363.0,610.34,0.8,False,,medium,size_prior,0.5364,3,4.3,
Food_21_side_right_spoon,custom,custom,monocular-geometric,sizeprior_notext,side_right,spoon,True,194.98,243.73,363.0,610.34,0.8,True,,medium,size_prior,0.5226,1,2.7,
Food_21_side_right_spoon,custom,custom,deep-learning,none,side_right,spoon,True,115.68,144.6,363.0,610.34,0.8,True,,,,,0,2.5,
Food_21_tilt_fork,custom,custom,monocular-geometric,utensil_nlp,tilt,fork,True,252.1,391.44,363.0,610.34,0.8,False,,medium,utensil,0.7625,3,4.3,
Food_21_tilt_fork,custom,custom,monocular-geometric,utensil_notext,tilt,fork,True,319.66,399.58,363.0,610.34,0.8,True,,medium,utensil,0.7625,1,1.7,
Food_21_tilt_fork,custom,custom,monocular-geometric,sizeprior_nlp,tilt,fork,True,216.9,336.75,363.0,610.34,0.8,False,,medium,size_prior,0.7271,3,4.2,
Food_21_tilt_fork,custom,custom,monocular-geometric,sizeprior_notext,tilt,fork,True,257.7,322.12,363.0,610.34,0.8,True,,medium,size_prior,0.7101,1,2.2,
Food_21_tilt_fork,custom,custom,deep-learning,none,tilt,fork,True,99.3,124.12,363.0,610.34,0.8,True,,,,,0,2.1,
Food_21_tilt_knife,custom,custom,monocular-geometric,utensil_nlp,tilt,knife,True,432.3,678.2,363.0,610.34,0.8,False,,medium,utensil,0.7808,3,4.7,
Food_21_tilt_knife,custom,custom,monocular-geometric,utensil_notext,tilt,knife,True,573.6,717.0,363.0,610.34,0.8,True,,medium,utensil,0.7808,1,2.3,
Food_21_tilt_knife,custom,custom,monocular-geometric,sizeprior_nlp,tilt,knife,True,269.4,422.57,363.0,610.34,0.8,False,,medium,size_prior,0.6653,3,4.6,
Food_21_tilt_knife,custom,custom,monocular-geometric,sizeprior_notext,tilt,knife,True,324.69,405.86,363.0,610.34,0.8,True,,medium,size_prior,0.6459,1,2.8,
Food_21_tilt_knife,custom,custom,deep-learning,none,tilt,knife,True,111.13,138.91,363.0,610.34,0.8,True,,,,,0,2.6,
Food_21_tilt_spoon,custom,custom,monocular-geometric,utensil_nlp,tilt,spoon,True,357.2,559.14,363.0,610.34,0.8,False,,medium,utensil,0.8499,3,4.5,
Food_21_tilt_spoon,custom,custom,monocular-geometric,utensil_notext,tilt,spoon,True,461.9,577.37,363.0,610.34,0.8,True,,medium,utensil,0.8499,1,1.7,
Food_21_tilt_spoon,custom,custom,monocular-geometric,sizeprior_nlp,tilt,spoon,True,215.4,337.21,363.0,610.34,0.8,False,,medium,size_prior,0.7174,3,4.5,
Food_21_tilt_spoon,custom,custom,monocular-geometric,sizeprior_notext,tilt,spoon,True,257.99,322.49,363.0,610.34,0.8,True,,medium,size_prior,0.701,1,2.3,
Food_21_tilt_spoon,custom,custom,deep-learning,none,tilt,spoon,True,100.12,125.15,363.0,610.34,0.8,True,,,,,0,2.1,
Food_21_mv_fork,custom,custom,multi-view,utensil_notext,multiview,fork,True,964.07,1205.09,363.0,610.34,0.8,True,,,utensil,,0,16.2,
Food_21_mv_fork,custom,custom,multi-view,sizeprior_notext,multiview,fork,True,455.24,569.05,363.0,610.34,0.8,True,,,size_prior,,0,16.7,
Food_21_mv_knife,custom,custom,multi-view,utensil_notext,multiview,knife,True,1133.62,1417.03,363.0,610.34,0.8,True,,,utensil,,0,35.7,
Food_21_mv_knife,custom,custom,multi-view,sizeprior_notext,multiview,knife,True,502.2,627.75,363.0,610.34,0.8,True,,,size_prior,,0,19.7,
Food_21_mv_spoon,custom,custom,multi-view,utensil_notext,multiview,spoon,True,1287.0,1608.75,363.0,610.34,0.8,True,,,utensil,,0,16.8,
Food_21_mv_spoon,custom,custom,multi-view,sizeprior_notext,multiview,spoon,True,451.89,564.86,363.0,610.34,0.8,True,,,size_prior,,0,17.1,
